StartDate,EndDate,Status,IPAddress,Progress,Duration (in seconds),Finished,RecordedDate,ResponseId,RecipientLastName,RecipientFirstName,RecipientEmail,ExternalReference,LocationLatitude,LocationLongitude,DistributionChannel,UserLanguage,timer_First Click,timer_Last Click,timer_Page Submit,timer_Click Count,scam,Q181,Q181_10_TEXT,sus,sus_10_TEXT,Q100_First Click,Q100_Last Click,Q100_Page Submit,Q100_Click Count,Q102,Q161,Q161_10_TEXT,Q159,Q159_10_TEXT,Q105_First Click,Q105_Last Click,Q105_Page Submit,Q105_Click Count,Q107,Q167,Q167_10_TEXT,Q165,Q165_10_TEXT,Q110_First Click,Q110_Last Click,Q110_Page Submit,Q110_Click Count,Q112,Q187,Q187_10_TEXT,Q185,Q185_10_TEXT,Q115_First Click,Q115_Last Click,Q115_Page Submit,Q115_Click Count,Q117,Q171,Q171_10_TEXT,Q182,Q182_10_TEXT,Q120_First Click,Q120_Last Click,Q120_Page Submit,Q120_Click Count,Q122,Q175,Q175_10_TEXT,Q173,Q173_10_TEXT,Q125_First Click,Q125_Last Click,Q125_Page Submit,Q125_Click Count,Q127,Q179,Q179_10_TEXT,Q177,Q177_10_TEXT,Q130_First Click,Q130_Last Click,Q130_Page Submit,Q130_Click Count,Q132,Q183,Q183_10_TEXT,Q181,Q181_10_TEXT,Q135_First Click,Q135_Last Click,Q135_Page Submit,Q135_Click Count,Q137,Q191,Q191_10_TEXT,Q189,Q189_10_TEXT,Q140_First Click,Q140_Last Click,Q140_Page Submit,Q140_Click Count,Q142,Q195,Q195_10_TEXT,Q193,Q193_10_TEXT,year,gender,Q149,Q174,Q150
Start Date,End Date,Response Type,IP Address,Progress,Duration (in seconds),Finished,Recorded Date,Response ID,Recipient Last Name,Recipient First Name,Recipient Email,External Data Reference,Location Latitude,Location Longitude,Distribution Channel,User Language,Timing - First Click,Timing - Last Click,Timing - Page Submit,Timing - Click Count,How likely do you think this is to be a scam email?,What part(s) of the email made you think it was trustworthy? - Selected Choice,What part(s) of the email made you think it was trustworthy? - Other - Text,What part(s) of the email made you think it was suspicious? - Selected Choice,What part(s) of the email made you think it was suspicious? - Other - Text,Timing - First Click,Timing - Last Click,Timing - Page Submit,Timing - Click Count,How likely do you think this is to be a scam email?,What part(s) of the email made you think it was trustworthy? - Selected Choice,What part(s) of the email made you think it was trustworthy? - Other - Text,What part(s) of the email made you think it was suspicious? - Selected Choice,What part(s) of the email made you think it was suspicious? - Other - Text,Timing - First Click,Timing - Last Click,Timing - Page Submit,Timing - Click Count,How likely do you think this is to be a scam email?,What part(s) of the email made you think it was trustworthy? - Selected Choice,What part(s) of the email made you think it was trustworthy? - Other - Text,What part(s) of the email made you think it was suspicious? - Selected Choice,What part(s) of the email made you think it was suspicious? - Other - Text,Timing - First Click,Timing - Last Click,Timing - Page Submit,Timing - Click Count,How likely do you think this is to be a scam email?,What part(s) of the email made you think it was trustworthy? - Selected Choice,What part(s) of the email made you think it was trustworthy? - Other - Text,What part(s) of the email made you think it was suspicious? - Selected Choice,What part(s) of the email made you think it was suspicious? - Other - Text,Timing - First Click,Timing - Last Click,Timing - Page Submit,Timing - Click Count,How likely do you think this is to be a scam email?,What part(s) of the email made you think it was trustworthy? - Selected Choice,What part(s) of the email made you think it was trustworthy? - Other - Text,What part(s) of the email made you think it was suspicious? - Selected Choice,What part(s) of the email made you think it was suspicious? - Other - Text,Timing - First Click,Timing - Last Click,Timing - Page Submit,Timing - Click Count,How likely do you think this is to be a scam email?,What part(s) of the email made you think it was trustworthy? - Selected Choice,What part(s) of the email made you think it was trustworthy? - Other - Text,What part(s) of the email made you think it was suspicious? - Selected Choice,What part(s) of the email made you think it was suspicious? - Other - Text,Timing - First Click,Timing - Last Click,Timing - Page Submit,Timing - Click Count,How likely do you think this is to be a scam email?,What part(s) of the email made you think it was trustworthy? - Selected Choice,What part(s) of the email made you think it was trustworthy? - Other - Text,What part(s) of the email made you think it was suspicious? - Selected Choice,What part(s) of the email made you think it was suspicious? - Other - Text,Timing - First Click,Timing - Last Click,Timing - Page Submit,Timing - Click Count,How likely do you think this is to be a scam email?,What part(s) of the email made you think it was trustworthy? - Selected Choice,What part(s) of the email made you think it was trustworthy? - Other - Text,What part(s) of the email made you think it was suspicious? - Selected Choice,What part(s) of the email made you think it was suspicious? - Other - Text,Timing - First Click,Timing - Last Click,Timing - Page Submit,Timing - Click Count,How likely do you think this is to be a scam email?,What part(s) of the email made you think it was trustworthy? - Selected Choice,What part(s) of the email made you think it was trustworthy? - Other - Text,What part(s) of the email made you think it was suspicious? - Selected Choice,What part(s) of the email made you think it was suspicious? - Other - Text,Timing - First Click,Timing - Last Click,Timing - Page Submit,Timing - Click Count,How likely do you think this is to be a scam email?,What part(s) of the email made you think it was trustworthy? - Selected Choice,What part(s) of the email made you think it was trustworthy? - Other - Text,What part(s) of the email made you think it was suspicious? - Selected Choice,What part(s) of the email made you think it was suspicious? - Other - Text,What is your classification?,What is your gender?,How would you rate your familiarity with information security?,Please provide your email address to be entered into the raffle.,Any feedback you would like to give?
"{""ImportId"":""startDate"",""timeZone"":""Canada/East-Saskatchewan""}","{""ImportId"":""endDate"",""timeZone"":""Canada/East-Saskatchewan""}",,,"{""ImportId"":""progress""}","{""ImportId"":""duration""}","{""ImportId"":""finished""}","{""ImportId"":""recordedDate"",""timeZone"":""Canada/East-Saskatchewan""}","{""ImportId"":""_recordId""}","{""ImportId"":""recipientLastName""}","{""ImportId"":""recipientFirstName""}","{""ImportId"":""recipientEmail""}","{""ImportId"":""externalDataReference""}","{""ImportId"":""locationLatitude""}","{""ImportId"":""locationLongitude""}","{""ImportId"":""distributionChannel""}","{""ImportId"":""userLanguage""}","{""ImportId"":""QID95_FIRST_CLICK""}","{""ImportId"":""QID95_LAST_CLICK""}","{""ImportId"":""QID95_PAGE_SUBMIT""}","{""ImportId"":""QID95_CLICK_COUNT""}","{""ImportId"":""QID97""}","{""ImportId"":""QID181""}","{""ImportId"":""QID181_10_TEXT""}","{""ImportId"":""QID99""}","{""ImportId"":""QID99_10_TEXT""}","{""ImportId"":""QID100_FIRST_CLICK""}","{""ImportId"":""QID100_LAST_CLICK""}","{""ImportId"":""QID100_PAGE_SUBMIT""}","{""ImportId"":""QID100_CLICK_COUNT""}","{""ImportId"":""QID102""}","{""ImportId"":""QID159""}","{""ImportId"":""QID159_10_TEXT""}","{""ImportId"":""QID158""}","{""ImportId"":""QID158_10_TEXT""}","{""ImportId"":""QID105_FIRST_CLICK""}","{""ImportId"":""QID105_LAST_CLICK""}","{""ImportId"":""QID105_PAGE_SUBMIT""}","{""ImportId"":""QID105_CLICK_COUNT""}","{""ImportId"":""QID107""}","{""ImportId"":""QID165""}","{""ImportId"":""QID165_10_TEXT""}","{""ImportId"":""QID164""}","{""ImportId"":""QID164_10_TEXT""}","{""ImportId"":""QID110_FIRST_CLICK""}","{""ImportId"":""QID110_LAST_CLICK""}","{""ImportId"":""QID110_PAGE_SUBMIT""}","{""ImportId"":""QID110_CLICK_COUNT""}","{""ImportId"":""QID112""}","{""ImportId"":""QID175""}","{""ImportId"":""QID175_10_TEXT""}","{""ImportId"":""QID174""}","{""ImportId"":""QID174_10_TEXT""}","{""ImportId"":""QID115_FIRST_CLICK""}","{""ImportId"":""QID115_LAST_CLICK""}","{""ImportId"":""QID115_PAGE_SUBMIT""}","{""ImportId"":""QID115_CLICK_COUNT""}","{""ImportId"":""QID117""}","{""ImportId"":""QID167""}","{""ImportId"":""QID167_10_TEXT""}","{""ImportId"":""QID182""}","{""ImportId"":""QID182_10_TEXT""}","{""ImportId"":""QID120_FIRST_CLICK""}","{""ImportId"":""QID120_LAST_CLICK""}","{""ImportId"":""QID120_PAGE_SUBMIT""}","{""ImportId"":""QID120_CLICK_COUNT""}","{""ImportId"":""QID122""}","{""ImportId"":""QID169""}","{""ImportId"":""QID169_10_TEXT""}","{""ImportId"":""QID168""}","{""ImportId"":""QID168_10_TEXT""}","{""ImportId"":""QID125_FIRST_CLICK""}","{""ImportId"":""QID125_LAST_CLICK""}","{""ImportId"":""QID125_PAGE_SUBMIT""}","{""ImportId"":""QID125_CLICK_COUNT""}","{""ImportId"":""QID127""}","{""ImportId"":""QID171""}","{""ImportId"":""QID171_10_TEXT""}","{""ImportId"":""QID170""}","{""ImportId"":""QID170_10_TEXT""}","{""ImportId"":""QID130_FIRST_CLICK""}","{""ImportId"":""QID130_LAST_CLICK""}","{""ImportId"":""QID130_PAGE_SUBMIT""}","{""ImportId"":""QID130_CLICK_COUNT""}","{""ImportId"":""QID132""}","{""ImportId"":""QID173""}","{""ImportId"":""QID173_10_TEXT""}","{""ImportId"":""QID172""}","{""ImportId"":""QID172_10_TEXT""}","{""ImportId"":""QID135_FIRST_CLICK""}","{""ImportId"":""QID135_LAST_CLICK""}","{""ImportId"":""QID135_PAGE_SUBMIT""}","{""ImportId"":""QID135_CLICK_COUNT""}","{""ImportId"":""QID137""}","{""ImportId"":""QID178""}","{""ImportId"":""QID178_10_TEXT""}","{""ImportId"":""QID177""}","{""ImportId"":""QID177_10_TEXT""}","{""ImportId"":""QID140_FIRST_CLICK""}","{""ImportId"":""QID140_LAST_CLICK""}","{""ImportId"":""QID140_PAGE_SUBMIT""}","{""ImportId"":""QID140_CLICK_COUNT""}","{""ImportId"":""QID142""}","{""ImportId"":""QID180""}","{""ImportId"":""QID180_10_TEXT""}","{""ImportId"":""QID179""}","{""ImportId"":""QID179_10_TEXT""}","{""ImportId"":""QID147""}","{""ImportId"":""QID148""}","{""ImportId"":""QID149""}",,"{""ImportId"":""QID150_TEXT""}"
10/11/20 12:25,10/11/20 12:29,Redacted,Redacted,100,217,TRUE,10/11/20 12:29,R_eG7qNkAL3kdkRYB,,,,,32.96359253,-96.74680328,anonymous,EN,,,,,,,,,,11.666,11.666,11.956,1,Somewhat likely,"Subject,Email Body,Structure",,"Email Address,Company Name,Structure",,,,,,,,,,,0,0,9.639,0,Extremely likely,"Email Address,Email Body,Company Name,Salary,Structure",,"Subject,Email Address,Email Body,Company Name,Salary,Structure",,,,,,,,,,,0,0,15.012,0,Somewhat likely,"Subject,Email Address,Email Body",,"Salary,Structure",,,,,,,,,,,0,0,8.612,0,Extremely likely,None of the above,,"Email Address,Email Body,Structure,Other",Asking for alternative contact information,0,0,9.763,0,Extremely unlikely,"Subject,Email Address,Email Body,Company Name,Structure",,None of the above,,,,,,,,,,,Sophomore,Male,Moderately familiar,Redacted,
10/11/20 12:26,10/11/20 12:29,,,100,203,TRUE,10/11/20 12:29,R_1rxlnIXaGqZ1jZt,,,,,33.03259277,-96.7858963,anonymous,EN,0,0,15.105,0,Neither likely nor unlikely,None of the above,,"Email Body,Salary",,,,,,,,,,,0,0,7.568,0,Extremely likely,None of the above,,"Subject,Email Address,Email Body,Company Name,Salary,Structure",,,,,,,,,,,0,0,15.108,0,Somewhat unlikely,Email Address,,Structure,,,,,,,,,,,,,,,,,,,,,,,,,,,,,0,0,29.672,0,Extremely likely,None of the above,,"Email Address,Email Body",,0,0,15.107,0,Somewhat unlikely,Email Address,,"Email Body,None of the above",,Sophomore,Male,Very familiar,,
10/11/20 12:26,10/11/20 12:30,,,100,250,TRUE,10/11/20 12:30,R_2DZzW2pX4Xbl3wG,,,,,33.07800293,-97.06729889,anonymous,EN,0,0,15.106,0,Extremely unlikely,"Subject,Email Address,Email Body,Company Name,Salary,Structure",,None of the above,,0,0,15.006,0,Somewhat likely,None of the above,,"Subject,Email Address,Email Body,Structure",,,,,,,,,,,,,,,,,,,,0,0,15.007,0,Somewhat likely,"Subject,Email Address,Email Body,Structure",,"Subject,Email Address,Email Body,Company Name,Salary,Structure",,,,,,,,,,,0,0,15.009,0,Neither likely nor unlikely,"None of the above,Other",CC,"Subject,Email Body,Structure",,0,0,15.106,0,Somewhat likely,Company Name,,"Subject,Email Address,Email Body,Structure",,,,,,,,,,,,,,,,,,,,Freshman,Male,Very familiar,,
10/11/20 12:25,10/11/20 12:30,,,100,271,TRUE,10/11/20 12:30,R_u3NwsaX7Slnixjj,,,,,33.03909302,-97.07640076,anonymous,EN,,,,,,,,,,,,,,,,,,,0,0,7.304,0,Extremely likely,"Subject,Email Address",,"Email Body,Salary,Structure",,0,0,9.04,0,Somewhat likely,"Company Name,None of the above",,"Email Body,Salary,Other",Nepalese heart surgeon emailing UTD students? why?,,,,,,,,,,0,0,15.009,0,Somewhat likely,"Email Body,Salary",,"Email Body,Salary",,,,,,,,,,,,,,,,,,,,0,0,20.771,0,Extremely unlikely,"Subject,Email Address,Email Body,Company Name,Structure",,None of the above,,0,0,15.011,0,Extremely unlikely,Other,I'm 99% sure this is a photoshopped version of an email my prof sent me...,None of the above,,Freshman,Female,Moderately familiar,,
10/11/20 12:26,10/11/20 12:30,,,100,273,TRUE,10/11/20 12:30,R_W0YoxTW6SARQkTv,,,,,17.38409424,78.45639038,anonymous,EN,,,,,,,,,,,,,,,,,,,0,0,12.514,0,Somewhat likely,"Email Body,Structure",,"Email Body,Salary,Structure",,0,0,15.121,0,Somewhat likely,Structure,,"Email Address,Email Body,Company Name,Salary,Structure",,,,,,,,,,,0,0,9.366,0,Extremely likely,None of the above,,"Subject,Email Address,Email Body,Company Name,Salary,Structure",,,,,,,,,,,0,0,12.876,0,Extremely likely,None of the above,,"Subject,Email Address,Email Body,Company Name,Structure",,9.526,9.526,18.754,1,Somewhat unlikely,"Subject,Email Address,Email Body,Company Name,Structure",,None of the above,,,,,,,,,,,Freshman,Male,Moderately familiar,,
10/11/20 12:27,10/11/20 12:31,,,100,183,TRUE,10/11/20 12:31,R_10PCq8V3tpef8TN,,,,,25.78059387,-80.18260193,anonymous,EN,0,0,15.109,0,Somewhat likely,None of the above,,"Subject,Salary,Structure",,,,,,,,,,,0,0,15.007,0,Extremely likely,Email Address,,Salary,,,,,,,,,,,0,0,15.111,0,Somewhat likely,None of the above,,"Subject,Email Address,Email Body",,0,0,15.009,0,Somewhat likely,"Email Body,Company Name",,Salary,,,,,,,,,,,0,0,15.108,0,Extremely likely,Company Name,,"Email Body,Salary,Structure",,,,,,,,,,,,,,,,,,,,Sophomore,Male,Not familiar at all,,
10/11/20 12:29,10/11/20 12:32,,,100,134,TRUE,10/11/20 12:32,R_1GODO0Wb45Uscoy,,,,,33.0809021,-96.72409821,anonymous,EN,,,,,,,,,,0,0,4.177,0,Extremely likely,None of the above,,Email Address,,,,,,,,,,,,,,,,,,,,0,0,3.192,0,Somewhat unlikely,Other,seen this one before,None of the above,,,,,,,,,,,7.064,7.064,7.754,1,Extremely likely,None of the above,,"Email Address,Email Body,Structure",,,,,,,,,,,0,0,7.592,0,Extremely unlikely,Email Address,,None of the above,,0,0,3.723,0,Extremely likely,None of the above,,Email Address,,Sophomore,Male,Not familiar at all,,n/a
10/11/20 12:28,10/11/20 12:32,,,100,274,TRUE,10/11/20 12:32,R_1qfgN6DP2nUCVtf,,,,,32.96359253,-96.74680328,anonymous,EN,,,,,,,,,,0,0,15.014,0,Extremely likely,"Email Address,Email Body,Company Name,Structure",,"Subject,Email Address,Email Body,Structure",,,,,,,,,,,1.364,7.8,15.117,2,Extremely likely,"Email Body,Structure",,"Email Body,Structure",,,,,,,,,,,,,,,,,,,,0,0,11.685,0,Extremely likely,None of the above,,"Subject,Email Address,Email Body,Structure",,,,,,,,,,,2.32,29.339,30.116,5,Somewhat likely,None of the above,,None of the above,,0.964,12.478,15.114,2,Extremely unlikely,"Subject,Email Body,Structure",,None of the above,,Freshman,Female,Extremely familiar,,
10/11/20 12:30,10/11/20 12:33,,,100,193,TRUE,10/11/20 12:33,R_3ipWwJyebAxaTTq,,,,,33.09280396,-96.645401,anonymous,EN,4.836,4.836,15.017,1,Somewhat unlikely,Email Address,,Subject,,,,,,,,,,,0,0,15.028,0,Somewhat unlikely,Email Address,,Structure,,,,,,,,,,,,,,,,,,,,0,0,15.019,0,Neither likely nor unlikely,None of the above,,None of the above,,0,0,4.071,0,Extremely likely,None of the above,,"Subject,Email Address,Email Body,Company Name,Salary,Structure",,0,0,15.01,0,Somewhat likely,Company Name,,"Email Address,Structure",,,,,,,,,,,,,,,,,,,,Freshman,Male,Very familiar,,
10/11/20 12:31,10/11/20 12:35,,,100,213,TRUE,10/11/20 12:35,R_3luETDDnLj5p4qN,,,,,32.72259521,-97.07849884,anonymous,EN,,,,,,,,,,,,,,,,,,,,,,,,,,,,1.005,13.62,15.024,3,Somewhat likely,None of the above,,"Subject,Structure",,0,0,15.11,0,Extremely unlikely,"Subject,Company Name,Structure",,None of the above,,3.74,3.74,15.009,1,Somewhat likely,"Subject,Email Address,Company Name,Salary",,"Subject,Email Address,Company Name,Salary",,,,,,,,,,,1.274,2.924,15.014,2,Neither likely nor unlikely,"Company Name,Structure",,"Subject,Email Body",,,,,,,,,,,1.001,1.001,15.011,1,Somewhat unlikely,"Subject,Email Body,Structure",,Email Address,,Freshman,Male,Moderately familiar,,
10/11/20 12:32,10/11/20 12:35,,,100,171,TRUE,10/11/20 12:35,R_3M6gbGwJ83XsH1r,,,,,33.03259277,-96.7858963,anonymous,EN,2.07,3.074,7.061,2,Extremely likely,"Subject,Email Address,Company Name,Structure",,"Email Body,Structure",,0,0,15.117,0,Extremely likely,"Subject,Email Body,Structure",,"Email Body,Company Name,Structure,Other",Asking for all that info off the bat,0,0,10.094,0,Extremely likely,None of the above,,Salary,,,,,,,,,,,,,,,,,,,,,,,,,,,,,0,0,5.057,0,Extremely likely,"Subject,Email Body,Structure",,"Subject,Email Address,Structure,Other",Just attaching a single file,,,,,,,,,,0.973,0.973,13.854,1,Somewhat likely,Email Address,,Structure,,,,,,,,,,,Sophomore,Female,Very familiar,,
10/11/20 12:29,10/11/20 12:35,,,100,380,TRUE,10/11/20 12:35,R_2UgUjPJsRLM1GRe,,,,,32.96359253,-96.74680328,anonymous,EN,0,0,15.124,0,Somewhat unlikely,"Subject,Email Address,Email Body,Company Name,Other","Adding in emails for contacting, as well as the person's linkedin link.",Salary,,,,,,,,,,,0,0,10.786,0,Extremely likely,"Email Address,Company Name",,"Subject,Email Body,Salary,Structure,Other","No description of the work, VERY low requirements, and big salary claims.",,,,,,,,,,0,0,13.839,0,Somewhat likely,"Subject,Email Address",,"Structure,Other","I know that army recruiters are often informal in soliciting applicants, but this feels a bit TOO formal. There's not any links for additional information, or anything confirming the identity of the recruiter.",0,0,13.173,0,Extremely likely,Email Address,,"Subject,Email Body,Salary,Structure,Other",Weekly salaries and no requirements always seem suspicious to me.,,,,,,,,,,0,0,15.025,0,Somewhat unlikely,"Subject,Email Address,Email Body,Company Name,Structure",,Other,"It seemed a little strange how the email asked for additional information immediately, and how it asked you respond IN ALL CAPS.",,,,,,,,,,,,,,,,,,,Junior,Male,Moderately familiar,,"I think the criteria for the questionnaire (Subject, Body, etc..) were a little unspecific and open to interpretation. Not sure how to fix it though."
10/11/20 12:32,10/11/20 12:36,,,100,258,TRUE,10/11/20 12:36,R_3LcXSCkTvjoIqbt,,,,,33.02870178,-96.68260193,anonymous,EN,2.497,3.96,8.95,2,Somewhat likely,Email Address,,Structure,,,,,,,,,,,,,,,,,,,,,,,,,,,,,,,,,,,,,,0,0,12.386,0,Extremely likely,None of the above,,"Subject,Structure",,0,0,8.926,0,Extremely likely,None of the above,,"Email Address,Email Body,Structure,Other",Attachment name,0,0,13.735,0,Somewhat likely,Structure,,Structure,,,,,,,,,,,0,0,14.801,0,Extremely likely,"Email Address,Company Name",,Email Address,,Junior,Male,Slightly familiar,,
10/11/20 12:33,10/11/20 12:36,,,100,178,TRUE,10/11/20 12:36,R_3EGTXO69P7tHM1v,,,,,32.82420349,-96.7507019,anonymous,EN,,,,,,,,,,0,0,15.009,0,Somewhat likely,Email Body,,Email Body,,0,0,13.196,0,Extremely unlikely,Email Address,,Email Address,,0,0,15.108,0,Extremely likely,"Email Body,Company Name,Salary",,"Email Address,Email Body,Company Name",,12.425,12.425,15.007,1,Somewhat likely,None of the above,,"Email Address,Email Body",,,,,,,,,,,,,,,,,,,,,,,,,,,,,0,0,16.756,0,Extremely unlikely,"Email Address,Email Body",,None of the above,,,,,,,,,,,Sophomore,Male,Moderately familiar,,
10/11/20 12:32,10/11/20 12:38,,,100,376,TRUE,10/11/20 12:38,R_1CKHI9TBgwEX9F5,,,,,33.1493988,-96.82800293,anonymous,EN,,,,,,,,,,0,0,15.012,0,Somewhat likely,None of the above,,"Subject,Email Address,Email Body",,0,0,10.866,0,Extremely likely,"Subject,Email Body,Structure",,"Email Address,Other",I put the wrong choices. Please swap these choices with my choices for the previous question (what makes it trustworthy).,,,,,,,,,,0,0,15.018,0,Neither likely nor unlikely,Email Body,,Email Body,,,,,,,,,,,0,0,16.339,0,Somewhat likely,Email Address,,"Subject,Email Body",,0,0,15.113,0,Extremely likely,None of the above,,"Email Address,Email Body,Company Name",,,,,,,,,,,,,,,,,,,,Freshman,Male,Moderately familiar,,"15 seconds isn't nearly long enough to do any more than skim the email body and maybe glance at the subject/address. I read fairly quickly so I'd say this isn't just my problem. I know the survey may be looking for a first impression but then having all those choices after each email is making me take everything in when that's not what I might to do in real life.

Also, I get not being able to backtrack after each email, but I found myself getting the trustworthy/suspicious questions mixed up."
10/11/20 12:37,10/11/20 12:41,,,100,230,TRUE,10/11/20 12:41,R_1F4isU4W6xlGpuT,,,,,32.96359253,-96.74680328,anonymous,EN,6.615,6.615,15.021,1,Somewhat unlikely,"Email Body,Salary,Structure",,"Email Address,Company Name",,,,,,,,,,,0,0,15.112,0,Somewhat likely,"Subject,Email Body,Salary,Structure",,"Subject,Email Address,Email Body",,0,0,15.016,0,Extremely likely,None of the above,,"Subject,Email Address,Email Body,Company Name,Salary,Structure",,0,0,15.01,0,Extremely unlikely,"Email Body,Company Name,Salary,Structure",,None of the above,,,,,,,,,,,,,,,,,,,,0,0,15.016,0,Somewhat likely,"Email Body,Structure",,"Email Body,Structure",,,,,,,,,,,,,,,,,,,,Sophomore,Male,Moderately familiar,,"Sorry, I kinda messed up on some and misread the first question as un-trustworthy, so I think some I meant to put nothing makes them trustworthy"
10/11/20 12:34,10/11/20 12:41,,,100,434,TRUE,10/11/20 12:41,R_3ff0HEPuLTkTTVJ,,,,,32.96359253,-96.74680328,anonymous,EN,1.319,1.319,15.117,1,Extremely likely,"Email Body,Structure",,"Email Body,Structure",,0,0,15.015,0,Somewhat likely,Structure,,"Subject,Email Address,Email Body",,,,,,,,,,,3.616,3.616,15.014,1,Extremely likely,None of the above,,"Email Address,Email Body,Company Name,Salary,Structure",,,,,,,,,,,,,,,,,,,,,,,,,,,,,0,0,15.118,0,Somewhat likely,Company Name,,"Subject,Email Body,Salary,Structure",,14.552,29.493,30.013,2,Extremely unlikely,"Subject,Email Address,Email Body,Company Name,Structure",,None of the above,,,,,,,,,,,Junior,Female,Slightly familiar,,
10/11/20 12:37,10/11/20 12:42,,,100,267,TRUE,10/11/20 12:42,R_BzZX5UwARrcoJEJ,,,,,30.42399597,-97.79319763,anonymous,EN,0,0,15.01,0,Somewhat unlikely,Structure,,Salary,,0,0,15.109,0,Somewhat likely,"Email Body,Structure",,"Email Address,Company Name",,,,,,,,,,,,,,,,,,,,1.573,1.573,15.114,1,Neither likely nor unlikely,Company Name,,Email Body,,0,0,15.008,0,Somewhat likely,Structure,,Email Body,,,,,,,,,,,,,,,,,,,,0,0,30.117,0,Extremely likely,Email Body,,Email Body,,,,,,,,,,,Freshman,Female,Not familiar at all,,
10/11/20 12:41,10/11/20 12:44,,,100,183,TRUE,10/11/20 12:44,R_3n1zwM70sOriFM2,,,,,33.1493988,-96.82800293,anonymous,EN,,,,,,,,,,,,,,,,,,,0,0,8.853,0,Extremely likely,None of the above,,Other,Asked to text info to phone number,0,0,15.108,0,Extremely likely,Structure,,Structure,,,,,,,,,,,,,,,,,,,,0,0,4.046,0,Extremely likely,None of the above,,Other,All info was in an attachment,0,0,8.314,0,Extremely likely,None of the above,,"Structure,Other",Asked to email back with personal email,0,0,26.165,0,Somewhat likely,"Email Body,Structure",,Other,Asked to email to a personal email,,,,,,,,,,Junior,Non-binary,Extremely familiar,,
10/11/20 12:40,10/11/20 12:45,,,100,287,TRUE,10/11/20 12:45,R_27Kg1ZFJ1AVMDHQ,,,,,30.3927002,-91.00140381,anonymous,EN,0,0,15.123,0,Somewhat likely,Email Address,,"Salary,Other",why would i get paid for this lol,0,0,15.02,0,Somewhat likely,None of the above,,"Salary,Other","""urgently required""",,,,,,,,,,,,,,,,,,,0,0,6.868,0,Extremely likely,None of the above,,"Subject,Email Address,Company Name",,0,0,12.392,0,Somewhat likely,None of the above,,"Subject,Salary,Structure",,,,,,,,,,,,,,,,,,,,,,,,,,,,,0,0,15.124,0,Extremely unlikely,"Subject,Email Address,Structure",,None of the above,,Sophomore,Male,Moderately familiar,,"making seperate questions for what made something trustworthy and untrustworthy is kinda annoying, just make it so it asks what made it seem like whatever their verdict was"
10/11/20 12:44,10/11/20 12:47,,,100,207,TRUE,10/11/20 12:47,R_2vkxlVXrhJhkEOB,,,,,33.1177063,-96.67910004,anonymous,EN,0,0,15.01,0,Extremely likely,"Subject,Company Name,Salary",,"Subject,Salary",,,,,,,,,,,,,,,,,,,,0,0,15.112,0,Extremely likely,Structure,,"Subject,Email Body,Company Name,Salary",,0,0,15.011,0,Somewhat likely,"Email Body,Company Name,Structure",,"Email Address,Salary",,,,,,,,,,,0,0,15.01,0,Extremely likely,None of the above,,Email Body,,,,,,,,,,,0,0,30.011,0,Somewhat unlikely,"Subject,Email Body,Company Name,Structure",,Email Address,,,,,,,,,,,Freshman,Male,Moderately familiar,,
10/11/20 12:44,10/11/20 12:48,,,100,259,TRUE,10/11/20 12:48,R_3Grztxoo5gImhyc,,,,,32.96359253,-96.74680328,anonymous,EN,,,,,,,,,,0,0,15.02,0,Extremely likely,None of the above,,"Subject,Email Address,Email Body,Salary,Structure",,0,0,15.112,0,Extremely likely,Email Address,,"Subject,Email Body,Salary,Structure",,,,,,,,,,,,,,,,,,,,0,0,15.01,0,Extremely likely,Email Address,,"Subject,Email Body,Company Name,Salary,Structure",,,,,,,,,,,0,0,14.061,0,Extremely likely,None of the above,,"Subject,Email Address,Email Body,Company Name,Salary,Structure",,,,,,,,,,,0,0,15.013,0,Somewhat unlikely,"Subject,Email Body,Company Name",,Email Address,,Sophomore,Female,Moderately familiar,,
10/11/20 12:45,10/11/20 12:49,,,100,208,TRUE,10/11/20 12:49,R_2D1uto1xVWk7zay,,,,,32.65870667,-97.16169739,anonymous,EN,4.975,4.975,6.385,1,Extremely likely,None of the above,,Structure,,0,0,6.682,0,Extremely likely,None of the above,,"Subject,Email Body",,,,,,,,,,,,,,,,,,,,0,0,5.27,0,Extremely likely,Subject,,Structure,,,,,,,,,,,0,0,2.316,0,Extremely likely,Subject,,Subject,,,,,,,,,,,0,0,19.279,0,Somewhat unlikely,Email Body,,Subject,,,,,,,,,,,Sophomore,Female,Moderately familiar,,Needs a back button or at least some difference between the trustworthy/non trustworthy feedback pages. I accidentally clicked the wrong thing and couldn't change my answers.
10/11/20 12:48,10/11/20 12:50,,,100,153,TRUE,10/11/20 12:50,R_2upR1bWb6oUsbHq,,,,,30.45480347,-97.7664032,anonymous,EN,,,,,,,,,,0,0,6.847,0,Somewhat likely,None of the above,,"Email Address,Email Body",,,,,,,,,,,0,0,10.699,0,Extremely likely,Email Body,,Email Body,,,,,,,,,,,,,,,,,,,,0,0,9.366,0,Somewhat likely,None of the above,,Email Body,,0,0,8.239,0,Extremely likely,Email Body,,Email Body,,,,,,,,,,,0,0,15.007,0,Somewhat unlikely,"Email Address,Email Body,Company Name,Structure",,Email Body,,Senior,Male,Moderately familiar,,
10/11/20 12:48,10/11/20 12:52,,,100,231,TRUE,10/11/20 12:52,R_OfWgP51bNpavmfL,,,,,33.02870178,-96.68260193,anonymous,EN,7.099,7.099,7.504,1,Extremely likely,None of the above,,"Subject,Email Address,Email Body,Company Name,Salary,Structure",,,,,,,,,,,0,0,15.012,0,Extremely likely,Other,Position of sender,"Subject,Email Address,Email Body,Salary",,,,,,,,,,,0,0,15.113,0,Somewhat unlikely,"Subject,Email Address,Email Body,Company Name,Structure",,None of the above,,0,0,11.469,0,Extremely likely,"Subject,Email Address,Email Body,Company Name,Salary,Structure",,"Subject,Email Address,Email Body,Company Name,Salary,Structure",,,,,,,,,,,,,,,,,,,,0,0,30.008,0,Extremely unlikely,"Subject,Email Address,Email Body,Company Name,Structure",,None of the above,,,,,,,,,,,Freshman,Male,Moderately familiar,,
10/11/20 12:52,10/11/20 12:58,,,100,383,TRUE,10/11/20 12:58,R_2ze9c0hARkdLPd4,,,,,33.13710022,-96.74880219,anonymous,EN,,,,,,,,,,,,,,,,,,,,,,,,,,,,0,0,15.119,0,Extremely likely,None of the above,,"Email Body,Salary,Structure",,0,0,15.118,0,Somewhat likely,Email Body,,Email Address,,,,,,,,,,,0,0,15.119,0,Extremely likely,Email Address,,"Subject,Email Body,Structure,Other",weird font at the bottom,0,0,15.024,0,Somewhat likely,Other,the Avast virus-free logo at the bottom,"Subject,Email Address,Email Body",,,,,,,,,,,0,0,15.122,0,Extremely likely,None of the above,,"Subject,Email Address,Email Body,Other",talking about UTD from a non-UTD email address,Sophomore,Non-binary,Very familiar,,This seems like a cool research project!
10/11/20 12:57,10/11/20 13:00,,,100,147,TRUE,10/11/20 13:00,R_01wlXljfnnKHLQR,,,,,32.95219421,-96.66539764,anonymous,EN,,,,,,,,,,,,,,,,,,,0,0,2.178,0,Extremely likely,"Email Body,Salary,Structure",,"Email Body,Salary,Structure",,,,,,,,,,,0,0,15.108,0,Extremely unlikely,"Email Address,Email Body",,None of the above,,0,0,10.378,0,Extremely likely,Salary,,Salary,,,,,,,,,,,0,0,4.271,0,Extremely likely,None of the above,,"Email Body,Salary,Structure",,,,,,,,,,,0,0,15.007,0,Extremely unlikely,Email Body,,None of the above,,Freshman,Male,Moderately familiar,,
10/11/20 12:54,10/11/20 13:01,,,100,370,TRUE,10/11/20 13:01,R_3hEfVYMAYD7Zkct,,,,,32.94729614,-96.70279694,anonymous,EN,0,0,15.016,0,Extremely unlikely,"Email Address,Email Body,Company Name,Salary,Structure",,None of the above,,0,0,15.117,0,Somewhat likely,None of the above,,"Subject,Email Address,Email Body",,0,0,15.128,0,Extremely unlikely,Email Address,,"Email Body,Salary,Structure",,,,,,,,,,,,,,,,,,,,0,0,15.027,0,Extremely likely,"Email Address,Company Name,Structure",,"Email Address,Email Body,Company Name",,,,,,,,,,,,,,,,,,,,1.401,24.318,30.026,2,Extremely unlikely,"Subject,Email Address,Email Body,Company Name,Structure",,None of the above,,,,,,,,,,,Freshman,Male,Moderately familiar,,
10/11/20 13:06,10/11/20 13:09,,,100,173,TRUE,10/11/20 13:09,R_3gSLyK5HtvcypKn,,,,,32.89639282,-96.8635025,anonymous,EN,,,,,,,,,,0,0,9.819,0,Extremely likely,Email Body,,Structure,,,,,,,,,,,,,,,,,,,,0,0,10.448,0,Extremely likely,Structure,,Company Name,,0,0,9.76,0,Extremely likely,Salary,,Email Body,,,,,,,,,,,10.65,10.65,12.479,1,Extremely likely,Company Name,,Structure,,1.281,7.062,7.802,2,Extremely unlikely,"Email Body,Structure",,None of the above,,,,,,,,,,,Graduate,Female,Slightly familiar,,
10/11/20 13:05,10/11/20 13:10,,,100,299,TRUE,10/11/20 13:10,R_3oRDo5YV5O3lgqL,,,,,30.23039246,-97.72429657,anonymous,EN,4.293,4.293,15.009,1,Somewhat likely,Other,Senderâ€™s email,"Email Body,Structure,Other",Contact email,,,,,,,,,,0,0,15.012,0,Somewhat unlikely,"Email Address,Other",Number might check out,"Subject,Email Body,Structure",,2.337,2.337,15.11,1,Somewhat unlikely,Subject,,"Salary,Structure",,,,,,,,,,,,,,,,,,,,0,0,15.109,0,Somewhat unlikely,Email Address,,"Email Body,Structure",,,,,,,,,,,,,,,,,,,,3.079,4.925,15.009,2,Somewhat likely,"Email Body,Other",Name and numbers,Email Address,,Senior,Female,Very familiar,,
10/11/20 13:10,10/11/20 13:15,,,100,314,TRUE,10/11/20 13:15,R_2QhyRsr7kuj8Hyr,,,,,30.42399597,-97.79319763,anonymous,EN,0.825,12.113,15.01,6,Extremely unlikely,"Email Body,Company Name",,Structure,,,,,,,,,,,,,,,,,,,,1.917,1.917,15.113,1,Somewhat unlikely,Company Name,,Email Body,,1.233,9.58,15.014,4,Somewhat unlikely,Email Body,,"Subject,Email Address",,1.574,14.624,15.116,5,Extremely unlikely,"Email Body,Structure",,Subject,,1.356,10.755,15.113,7,Extremely unlikely,"Email Address,Email Body,Structure",,Subject,,,,,,,,,,,,,,,,,,,,,,,,,,,,,Freshman,Female,Not familiar at all,,
10/11/20 13:16,10/11/20 13:19,,,100,131,TRUE,10/11/20 13:19,R_sC3Zc5v29zHAhIl,,,,,38.96870422,-94.56960297,anonymous,EN,0,0,4.539,0,Extremely likely,"Subject,Email Body,Salary,Structure",,"Email Address,Email Body,Company Name,Salary,Structure",,,,,,,,,,,,,,,,,,,,0,0,2.392,0,Extremely likely,None of the above,,"Email Body,Company Name,Salary,Structure",,0,0,7.411,0,Extremely unlikely,Email Address,,Structure,,4.194,4.194,4.883,1,Extremely likely,None of the above,,"Email Body,Salary,Structure",,,,,,,,,,,,,,,,,,,,0,0,12.079,0,Extremely unlikely,"Subject,Email Body,Company Name,Salary,Structure",,None of the above,,,,,,,,,,,Sophomore,Non-binary,Very familiar,,
10/11/20 13:19,10/11/20 13:23,,,100,244,TRUE,10/11/20 13:23,R_29cSZdjM6H7sesQ,,,,,32.96359253,-96.74680328,anonymous,EN,,,,,,,,,,0,0,12.62,0,Extremely likely,Email Address,,"Subject,Email Body,Company Name,Salary,Structure",,,,,,,,,,,0,0,15.11,0,Extremely likely,None of the above,,"Subject,Email Body,Company Name,Salary",,0,0,15.008,0,Somewhat unlikely,"Subject,Email Address,Email Body,Company Name",,Email Body,,0,0,15.206,0,Somewhat likely,Email Address,,"Subject,Email Body,Salary,Structure",,,,,,,,,,,,,,,,,,,,0,0,30.012,0,Extremely unlikely,"Subject,Email Address,Email Body,Company Name,Structure",,None of the above,,,,,,,,,,,Junior,Male,Moderately familiar,,
10/11/20 13:35,10/11/20 13:39,,,100,202,TRUE,10/11/20 13:39,R_TdQq2uMcQB48Jup,,,,,29.84779358,-95.65989685,anonymous,EN,,,,,,,,,,,,,,,,,,,,,,,,,,,,8.73,8.73,9.457,1,Neither likely nor unlikely,Email Address,,"Email Body,Structure",,0,0,11.696,0,Somewhat likely,None of the above,,Email Body,,0,0,2.731,0,Somewhat likely,None of the above,,"Email Body,Structure",,0,0,5.899,0,Extremely likely,None of the above,,Email Body,,0,0,15.12,0,Somewhat likely,None of the above,,"Email Address,Email Body",,,,,,,,,,,,,,,,,,,,Sophomore,Male,Moderately familiar,,
10/11/20 13:37,10/11/20 13:40,,,100,217,TRUE,10/11/20 13:40,R_2AXwiwjsR0wJCxb,,,,,32.92469788,-96.89170074,anonymous,EN,,,,,,,,,,,,,,,,,,,,,,,,,,,,1.029,4.595,15.016,6,Somewhat likely,None of the above,,"Email Body,Salary,Structure",,0,0,9.828,0,Somewhat unlikely,"Email Address,Email Body,Structure",,None of the above,,,,,,,,,,,7.778,7.778,15.021,1,Extremely likely,Email Address,,"Email Body,Structure,Other",Text file ,,,,,,,,,,1.683,15.771,17.454,4,Somewhat likely,"Email Address,Email Body,Structure",,Other,Send info to gmail.com email instead of a cisco company email,6.63,13.209,15.02,2,Somewhat likely,"Subject,Email Body,Structure",,Email Address,,Sophomore,Male,Moderately familiar,,
10/11/20 13:41,10/11/20 13:44,,,100,178,TRUE,10/11/20 13:44,R_w7vaXj7x0Ud3z2N,,,,,33.02870178,-96.68260193,anonymous,EN,,,,,,,,,,,,,,,,,,,0,0,1.313,0,Somewhat likely,Email Address,,"Subject,Email Body,Salary,Structure",,,,,,,,,,,0,0,9.038,0,Somewhat unlikely,"Email Address,Email Body,Company Name,Structure",,None of the above,,0,0,7.9,0,Extremely likely,None of the above,,"Subject,Email Address,Email Body,Salary,Structure",,,,,,,,,,,,,,,,,,,,10.737,10.737,23.992,1,Somewhat unlikely,"Subject,Email Body,Company Name,Structure",,Email Address,,1.304,1.304,15.042,1,Neither likely nor unlikely,"Email Body,Structure",,Email Address,,Freshman,Male,Slightly familiar,,
10/11/20 13:56,10/11/20 14:01,,,100,309,TRUE,10/11/20 14:01,R_2Y2PIm2DpZRZohw,,,,,32.9992981,-96.83460236,anonymous,EN,0,0,15.114,0,Somewhat likely,Email Body,,Email Body,,,,,,,,,,,0,0,12.454,0,Extremely likely,"Email Body,Other",Goes directly against university policy,"Email Body,Other",Goes directly against university policy,,,,,,,,,,0,0,15.017,0,Neither likely nor unlikely,Email Address,,Other,Asking personally to set up an appointment,,,,,,,,,,,,,,,,,,,0,0,14.899,0,Extremely likely,Email Body,,Other,"Everything, in 2020 who puts ""Avast"" on emails",0,0,10.565,0,Somewhat likely,Other,Why am I getting an email for a call center job?,Other,Job Description,,,,,,,,,,Graduate,Male,Moderately familiar,,
10/11/20 14:32,10/11/20 14:37,,,100,324,TRUE,10/11/20 14:37,R_240gUQ0Tosp9uUx,,,,,32.96359253,-96.74680328,anonymous,EN,,,,,,,,,,,,,,,,,,,,,,,,,,,,11.535,11.535,14.137,1,Extremely likely,None of the above,,"Email Body,Company Name,Salary,Structure,Other",Tons of these scams trying to get info,0,0,15.066,0,Extremely likely,"Email Address,Email Body,Structure",,"Email Address,Email Body,Structure",,0,0,15.008,0,Extremely likely,"Email Address,Company Name",,"Subject,Email Body,Salary,Other",Too many of these type of emails just trying to get information,0,0,7.692,0,Extremely likely,Subject,,"Email Address,Email Body,Structure",,0,0,15.008,0,Somewhat likely,Company Name,,"Email Address,Email Body,Structure,Other","Again trying to get info after first email, common scam they would already have some info on me",,,,,,,,,,,,,,,,,,,Freshman,Male,Very familiar,,"Messed up on the first question, not a good data reference"
10/11/20 14:35,10/11/20 14:41,,,100,344,TRUE,10/11/20 14:41,R_s5WWosvzBVNdIel,,,,,30.45480347,-97.7664032,anonymous,EN,,,,,,,,,,1.289,11.631,14.052,4,Somewhat likely,"Subject,Email Address,Other",closing of the email,"Email Body,Structure,Other",asked for too much information,,,,,,,,,,,,,,,,,,,,,,,,,,,,4.601,4.601,15.011,1,Somewhat likely,"Subject,Email Address",,"Email Body,Salary,Structure,Other",professor's school not identified,,,,,,,,,,1.473,12.948,15.109,3,Extremely likely,"Subject,Company Name,Structure",,"Email Body,Other","badly typed email (spacing issues), ""We got your information through the school's database""",1.134,5.758,8.67,3,Extremely unlikely,"Subject,Email Address,Email Body,Company Name,Structure",,None of the above,,1.402,13.099,15.009,5,Somewhat unlikely,"Subject,Email Body,Other","utdallas.edu link included, closing of email had official information","Email Address,Structure",,Freshman,Female,Slightly familiar,,"In the survey questions, bold the words ""suspicious"" and ""trustworthy"" so that people don't accidentally answer the wrong question."
10/11/20 14:47,10/11/20 14:52,,,100,304,TRUE,10/11/20 14:52,R_ZHJUMHeYrpP7XVv,,,,,32.96359253,-96.74680328,anonymous,EN,0,0,15.022,0,Extremely likely,None of the above,,"Subject,Email Body,Company Name,Salary,Structure",,,,,,,,,,,0,0,9.75,0,Somewhat likely,Email Address,,"Email Body,Salary",,0,0,15.033,0,Extremely likely,None of the above,,"Email Address,Email Body,Salary,Structure",,,,,,,,,,,,,,,,,,,,,,,,,,,,,0,0,15.017,0,Somewhat likely,Email Address,,Email Body,,3.728,12.467,22.305,2,Extremely unlikely,"Email Address,Email Body,Structure",,None of the above,,,,,,,,,,,Sophomore,Female,Slightly familiar,,"More time to view emails, nothing else!"
10/11/20 15:07,10/11/20 15:13,,,100,316,TRUE,10/11/20 15:13,R_2TYoK2nLCsAlufC,,,,,32.98800659,-96.68840027,anonymous,EN,0,0,15.009,0,Extremely likely,"Subject,Email Address,Email Body,Salary",,"Subject,Email Body,Salary,Other","oops, switched this and prev question up, mb",,,,,,,,,,0,0,15.007,0,Neither likely nor unlikely,"Email Address,Company Name",,"Subject,Email Body,Salary,Structure",,,,,,,,,,,,,,,,,,,,0,0,15.009,0,Somewhat likely,Email Body,,"Subject,Email Address",,,,,,,,,,,0,0,15.007,0,Somewhat likely,Company Name,,"Subject,Email Address,Email Body",,,,,,,,,,,0,0,15.011,0,Somewhat likely,"Subject,Email Body",,Structure,,Sophomore,Male,Not familiar at all,,
10/11/20 15:10,10/11/20 15:13,,,100,185,TRUE,10/11/20 15:13,R_22stCoLKfIDYkm5,,,,,30.42399597,-97.79319763,anonymous,EN,,,,,,,,,,0,0,15.019,0,Extremely likely,None of the above,,Other,Asking for personal info,,,,,,,,,,0.862,0.862,3.644,1,Extremely likely,Company Name,,"Email Body,Salary,Structure",,5.135,5.135,8.855,1,Somewhat likely,None of the above,,Other,Lack of greeting with recipient name,,,,,,,,,,0,0,3.929,0,Extremely likely,Structure,,Subject,,,,,,,,,,,0.842,0.842,5.253,1,Somewhat unlikely,Structure,,None of the above,,,,,,,,,,,Sophomore,Male,Moderately familiar,,
10/11/20 15:19,10/11/20 15:22,,,100,196,TRUE,10/11/20 15:22,R_1FFyqyQQpsrVL6S,,,,,33.1493988,-96.82800293,anonymous,EN,2.548,3.381,15.015,2,Somewhat likely,"Company Name,Structure",,"Company Name,Structure",,,,,,,,,,,0,0,11.268,0,Somewhat unlikely,"Subject,Email Address",,"Email Body,Structure",,8.226,8.226,8.773,1,Extremely unlikely,"Subject,Email Address,Email Body,Company Name",,None of the above,,,,,,,,,,,0,0,15.01,0,Somewhat unlikely,"Subject,Email Body",,Structure,,,,,,,,,,,,,,,,,,,,1.777,3.064,12.192,2,Extremely unlikely,"Subject,Email Body",,"Company Name,Structure",,,,,,,,,,,Freshman,Male,Slightly familiar,,
10/11/20 15:25,10/11/20 15:28,,,100,188,TRUE,10/11/20 15:28,R_30uWq1rHTT3gz1r,,,,,42.98959351,-88.08760071,anonymous,EN,,,,,,,,,,0,0,11.941,0,Somewhat likely,"Subject,Email Body,Structure",,"Email Address,Company Name,Structure",,,,,,,,,,,,,,,,,,,,0,0,10.016,0,Somewhat likely,"Subject,Email Body,Structure",,"Subject,Email Address,Structure",,,,,,,,,,,0,0,2.684,0,Extremely likely,None of the above,,"Subject,Email Address,Email Body,Structure",,0,0,13.041,0,Somewhat likely,Company Name,,"Subject,Email Address,Salary,Structure",,,,,,,,,,,0,0,15.113,0,Somewhat unlikely,"Subject,Email Address,Email Body,Structure",,None of the above,,Sophomore,Male,Very familiar,,
10/11/20 15:08,10/11/20 15:35,,,100,1616,TRUE,10/11/20 15:35,R_2bNq3QhgsnOIZJG,,,,,33.0809021,-96.72409821,anonymous,EN,,,,,,,,,,0,0,15.014,0,Somewhat likely,None of the above,,"Subject,Email Body,Structure",,,,,,,,,,,0,0,15.111,0,Somewhat likely,Email Body,,Other,Asking for personal information,,,,,,,,,,0,0,15.006,0,Somewhat likely,Company Name,,"Email Body,Structure",,0,0,14.81,0,Extremely likely,"Email Address,None of the above",,"Subject,Email Address,Email Body,Structure,Other","School email doesn't match the school in the subject line, and txt file attachment",,,,,,,,,,,,,,,,,,,0,0,15.008,0,Extremely unlikely,"Email Address,Email Body",,None of the above,,Senior,Female,Slightly familiar,,
10/11/20 15:42,10/11/20 15:48,,,100,347,TRUE,10/11/20 15:48,R_3nTyKUOBDoJ2cmm,,,,,33.17939758,-96.95379639,anonymous,EN,2.235,2.235,15.01,1,Somewhat likely,Email Address,,"Subject,Email Body,Structure",,,,,,,,,,,0,0,15.107,0,Somewhat likely,Email Address,,"Subject,Email Body",,12.545,14.528,15.11,2,Extremely likely,"Email Address,Structure,Other",Font,Subject,,0,0,15.115,0,Somewhat likely,"Email Address,Email Body,Structure",,Email Address,,0,0,15.008,0,Somewhat likely,"Email Address,Company Name,Structure",,Email Body,,,,,,,,,,,,,,,,,,,,,,,,,,,,,,,,,,,,,,Sophomore,Female,Slightly familiar,,
10/11/20 16:17,10/11/20 16:28,,,100,635,TRUE,10/11/20 16:28,R_1pyZxXcJP3iksHm,,,,,32.9992981,-96.83460236,anonymous,EN,0.918,0.918,5.562,1,Extremely likely,Email Address,,"Subject,Email Body,Company Name,Salary,Structure",,,,,,,,,,,0,0,4.881,0,Extremely likely,"Email Body,Structure",,Email Body,,,,,,,,,,,0,0,15.116,0,Neither likely nor unlikely,"Email Address,Email Body",,"Email Address,Email Body",,2.093,2.093,3.57,1,Somewhat likely,"Email Body,Company Name",,"Subject,Email Body,Company Name",,0,0,7.301,0,Somewhat likely,"Subject,Email Address,Email Body,Company Name",,"Email Address,Email Body,Company Name,Structure",,,,,,,,,,,,,,,,,,,,,,,,,,,,,Sophomore,Female,Moderately familiar,,
10/11/20 16:55,10/11/20 17:00,,,100,318,TRUE,10/11/20 17:00,R_3socRqPhek96vhV,,,,,32.86839294,-96.93840027,anonymous,EN,,,,,,,,,,0,0,15.111,0,Somewhat likely,"Subject,Email Address",,"Email Address,Email Body",,,,,,,,,,,,,,,,,,,,0,0,4.438,0,Extremely unlikely,"Subject,Email Address",,"Subject,Email Address,Email Body",,0,0,15.007,0,Somewhat likely,"Subject,Email Address",,"Subject,Email Address",,0,0,15.006,0,Somewhat unlikely,"Subject,Email Address",,"Subject,Email Address,Email Body",,,,,,,,,,,,,,,,,,,,0,0,15.109,0,Extremely unlikely,"Subject,Email Address,Email Body",,None of the above,,Freshman,Male,Moderately familiar,,
10/11/20 18:35,10/11/20 18:36,,,100,56,TRUE,10/11/20 18:36,R_r9GX1TjFuhGwaw9,,,,,32.96359253,-96.74680328,preview,EN,,,,,,,,,,0,0,1.223,0,Extremely likely,Company Name,,Email Body,,,,,,,,,,,,,,,,,,,,,,,,,,,,,0,0,1.237,0,Somewhat likely,Email Body,,Salary,,0,0,1.429,0,Neither likely nor unlikely,Email Address,,Email Body,,,,,,,,,,,0,0,1.887,0,Neither likely nor unlikely,Email Body,,Email Body,,0,0,1.381,0,Neither likely nor unlikely,Email Body,,Email Body,,Senior,Female,Very familiar,,
10/11/20 18:43,10/11/20 18:46,,,100,217,TRUE,10/11/20 18:46,R_3PhPhTUeH4SdZKp,,,,,32.96359253,-96.74680328,anonymous,EN,0,0,12.87,0,Somewhat likely,"Email Address,Company Name",,"Subject,Email Body,Structure",,1.901,1.901,5.09,1,Somewhat likely,Other,signature,"Subject,Email Address,Email Body,Structure",,0,0,10.154,0,Extremely likely,"Email Address,Email Body",,"Email Body,Salary,Structure",,,,,,,,,,,0,0,0.974,0,Somewhat likely,Email Address,,"Subject,Email Body,Structure",,,,,,,,,,,,,,,,,,,,,,,,,,,,,0,0,3.873,0,Neither likely nor unlikely,"Email Address,Email Body,Company Name,Structure",,Other,external email,,,,,,,,,,Sophomore,Male,Moderately familiar,,
10/11/20 19:57,10/11/20 20:03,,,100,321,TRUE,10/11/20 20:03,R_1CgzcKyKYZOFCzv,,,,,32.79899597,-96.95600128,anonymous,EN,0,0,15.116,0,Somewhat likely,"Structure,Other",Looks lazily made,None of the above,,0,0,15.013,0,Extremely likely,"Email Address,Email Body,Structure",,"Email Address,Email Body,Structure",,,,,,,,,,,,,,,,,,,,0,0,11.758,0,Neither likely nor unlikely,None of the above,,None of the above,,,,,,,,,,,0,0,15.123,0,Extremely likely,"Email Address,Email Body,Structure",,"Email Address,Email Body,Structure",,,,,,,,,,,,,,,,,,,,0,0,15.11,0,Somewhat unlikely,"Email Body,Structure,Other","Shows a link to what seems to be part of the UTD domain (always hover the link), and the sender gives their own contact information.",None of the above,,Freshman,Male,Very familiar,,"My responses are under the premises that formal employment opportunities generally have their own job postings, instead of just asking people for their information. It's more suspicious if the email looks lazily written and the sender does not give their own contact information, or a lead to learn more about the job position through the company's official website."
10/12/20 8:22,10/12/20 8:26,,,100,201,TRUE,10/12/20 8:26,R_1obPLFFE8kgrzHS,,,,,32.92599487,-96.96659851,anonymous,EN,0,0,15.108,0,Somewhat likely,Email Body,,Salary,,0,0,15.012,0,Neither likely nor unlikely,Email Body,,Subject,,0,0,15.118,0,Somewhat unlikely,Email Address,,Email Body,,,,,,,,,,,,,,,,,,,,,,,,,,,,,0,0,15.02,0,Somewhat likely,Email Address,,Subject,,,,,,,,,,,,,,,,,,,,0,0,15.111,0,Somewhat unlikely,"Email Body,Structure",,Email Address,,Freshman,Male,Not familiar at all,,
10/12/20 10:16,10/12/20 10:19,,,100,227,TRUE,10/12/20 10:19,R_1r8LPlpauZCxoJA,,,,,32.7052002,-97.33509827,anonymous,EN,,,,,,,,,,5.16,8.951,9.433,4,Extremely likely,None of the above,,"Subject,Email Address,Email Body,Company Name,Structure",,,,,,,,,,,2.161,5.807,6.401,2,Extremely likely,None of the above,,"Subject,Email Address,Email Body,Company Name,Structure",,0,0,11.778,0,Somewhat likely,"Email Address,None of the above",,"Subject,Email Body,Salary,Structure",,13.502,13.502,15.026,1,Extremely likely,Email Address,,"Email Body,Company Name,Structure",,,,,,,,,,,,,,,,,,,,2.538,13.908,15.206,5,Extremely likely,Email Address,,"Email Body,Structure",,,,,,,,,,,Sophomore,Female,Very familiar,,
10/12/20 12:18,10/12/20 12:20,,,100,163,TRUE,10/12/20 12:20,R_1FR0wwpQ4soppk5,,,,,32.96359253,-96.74680328,anonymous,EN,0,0,6.287,0,Extremely likely,"Subject,Company Name",,"Email Address,Email Body,Salary,Structure",,0,0,8.614,0,Extremely likely,"Email Body,Structure",,"Subject,Email Address,Company Name",,,,,,,,,,,,,,,,,,,,,,,,,,,,,0,0,6.966,0,Neither likely nor unlikely,"Subject,Email Address,Email Body,Company Name",,"Salary,Structure",,0,0,10.076,0,Extremely likely,None of the above,,"Subject,Email Address,Email Body,Company Name,Salary,Structure",,,,,,,,,,,,,,,,,,,,0,0,9.668,0,Extremely likely,"Email Body,Structure",,"Subject,Email Address,Company Name,Salary",,Junior,Male,Very familiar,,
10/12/20 12:34,10/12/20 12:37,,,100,174,TRUE,10/12/20 12:37,R_11ZTHHeHbwEAlWT,,,,,32.92599487,-96.96659851,anonymous,EN,,,,,,,,,,,,,,,,,,,0,0,15.007,0,Extremely likely,Email Body,,Structure,,1.186,1.186,15.014,1,Somewhat likely,Salary,,Email Body,,0,0,15.019,0,Somewhat likely,Email Body,,Structure,,,,,,,,,,,,,,,,,,,,0,0,11.865,0,Extremely likely,Email Address,,Subject,,0.964,6.935,6.96,3,Neither likely nor unlikely,Email Body,,Email Body,,,,,,,,,,,Sophomore,Male,Slightly familiar,,
10/13/20 10:39,10/13/20 10:42,,,100,216,TRUE,10/13/20 10:42,R_1LzQ5YDPIJuLOql,,,,,32.96359253,-96.74680328,anonymous,EN,1.296,7.696,9.841,2,Extremely likely,None of the above,,"Email Body,Structure",,0,0,15.113,0,Extremely likely,None of the above,,"Subject,Email Body,Structure",,,,,,,,,,,1.554,4.869,15.016,2,Somewhat likely,Email Body,,"Email Body,Structure",,,,,,,,,,,0,0,15.112,0,Somewhat likely,None of the above,,"Email Address,Salary,Structure",,,,,,,,,,,,,,,,,,,,,,,,,,,,,0.767,0.767,15.01,1,Somewhat unlikely,"Company Name,Other",connection to utd,Email Address,,Sophomore,Female,Not familiar at all,,
10/13/20 10:43,10/13/20 10:46,,,100,224,TRUE,10/13/20 10:46,R_5zGGeqYKIQmgMq5,,,,,33.02870178,-96.68260193,anonymous,EN,0,0,15.007,0,Somewhat likely,Email Address,,"Email Body,Structure",,,,,,,,,,,0,0,6.324,0,Extremely likely,"Email Body,Salary,Structure",,"Email Body,Salary,Structure",,,,,,,,,,,0,0,15.02,0,Neither likely nor unlikely,Email Address,,Email Body,,,,,,,,,,,0,0,6.614,0,Extremely likely,"Subject,Email Body,Structure",,"Subject,Email Body,Structure",,,,,,,,,,,0,0,26.641,0,Somewhat likely,None of the above,,"Email Address,Email Body,Structure",,,,,,,,,,,Sophomore,Male,Very familiar,,
10/13/20 11:00,10/13/20 11:03,,,100,201,TRUE,10/13/20 11:03,R_6xNnp7JUz9LgnsZ,,,,,32.9992981,-96.83460236,anonymous,EN,5.506,5.506,15.049,1,Extremely likely,None of the above,,Email Body,,,,,,,,,,,0,0,15.053,0,Extremely likely,Email Body,,Email Body,,,,,,,,,,,,,,,,,,,,,,,,,,,,,0,0,6.614,0,Somewhat unlikely,Email Body,,None of the above,,,,,,,,,,,15.704,27.353,27.711,5,Extremely unlikely,"Email Body,Company Name",,None of the above,,0,0,15.037,0,Somewhat unlikely,Email Body,,Subject,,Freshman,Male,Moderately familiar,,
10/13/20 14:43,10/13/20 14:50,,,100,378,TRUE,10/13/20 14:50,R_zccH6v6Kw2MmRiN,,,,,29.72279358,-95.42510223,anonymous,EN,0,0,15.007,0,Somewhat unlikely,"Subject,Email Address",,Email Body,,,,,,,,,,,,,,,,,,,,0,0,15.006,0,Extremely likely,None of the above,,"Email Address,Email Body,Salary,Structure",,0,0,15.006,0,Somewhat likely,"Subject,Email Address",,"Subject,Email Address,Email Body,Structure",,,,,,,,,,,,,,,,,,,,,,,,,,,,,0,0,30.007,0,Extremely unlikely,"Email Address,Email Body,Company Name,Structure",,Company Name,,0,0,15.006,0,Neither likely nor unlikely,"Subject,Email Address,Email Body,Structure",,Email Address,,Freshman,Male,Moderately familiar,,"I wasn't able to fully remember every part of each email, although I assume that's intended."
10/13/20 17:18,10/13/20 17:27,,,100,567,TRUE,10/13/20 17:27,R_27yy2U2NzrIEwTT,,,,,33.03259277,-96.7858963,anonymous,EN,,,,,,,,,,,,,,,,,,,,,,,,,,,,5.331,5.331,15.009,1,Extremely likely,None of the above,,"Subject,Email Address,Email Body,Company Name,Salary,Structure",,0,0,15.114,0,Extremely likely,None of the above,,"Subject,Email Address,Email Body,Company Name,Salary,Structure,Other",Unprofessional language,,,,,,,,,,,,,,,,,,,3.51,4.845,15.112,2,Extremely likely,None of the above,,"Subject,Email Address,Email Body,Company Name,Salary,Structure",,5.435,5.435,30.02,1,Neither likely nor unlikely,"Email Address,Company Name",,None of the above,,6.345,6.345,15.01,1,Extremely likely,None of the above,,"Subject,Email Address,Email Body",,Graduate,Female,Moderately familiar,,This was a nice survey! I'd be interested in what the results are! 
10/11/20 12:05,10/11/20 12:06,,,91,51,FALSE,10/14/20 12:06,R_Dv29DoVmg4qgoqB,,,,,,,anonymous,EN,0,0,1.42,0,Somewhat likely,Email Body,,Email Body,,,,,,,,,,,0,0,1.127,0,Somewhat likely,Email Body,,Email Address,,,,,,,,,,,0,0,1.361,0,Somewhat likely,Email Body,,Salary,,,,,,,,,,,0,0,1.413,0,Somewhat likely,Email Address,,Email Body,,,,,,,,,,,,,,,,,,,,0,0,1.24,0,Somewhat likely,Email Address,,Subject,,,,,,
10/11/20 12:25,10/11/20 12:26,,,46,8,FALSE,10/14/20 12:26,R_1FeNTU6KnHlES7Z,,,,,,,anonymous,EN,,,,,,,,,,,,,,,,,,,,,,,,,,,,,,,,,,,,,,,,,,,,,,,,,,,,,,,,,,,,,,,,,,,,,,,,,,,,,,,,,,,,,,,,,,,,,,,
10/11/20 12:25,10/11/20 12:26,,,54,23,FALSE,10/14/20 12:26,R_ac8UvswQFfQL80F,,,,,,,anonymous,EN,,,,,,,,,,,,,,,,,,,,,,,,,,,,,,,,,,,,,,,,,,,,,,,,,,,,,,,,,,,,,,,,0,0,7.096,0,Somewhat likely,"Email Address,Email Body,Company Name,Structure",,,,,,,,,,,,,,,,,,,,,,,,,,
10/11/20 12:26,10/11/20 12:27,,,50,39,FALSE,10/14/20 12:27,R_2U2V3aFHHxVgkEw,,,,,,,anonymous,EN,,,,,,,,,,,,,,,,,,,,,,,,,,,,,,,,,,,,,,,,,,,,,,,,,,,,,,,,,,,,,,,,,,,,,,,,,,,,,,,,,,0,0,15.11,0,,,,,,,,,,
10/11/20 12:27,10/11/20 12:27,,,52,43,FALSE,10/14/20 12:27,R_2SIApUwYKVqd8RB,,,,,,,anonymous,EN,,,,,,,,,,,,,,,,,,,,,,,,,,,,,,,,,,,,,0,0,15.015,0,Somewhat unlikely,,,,,,,,,,,,,,,,,,,,,,,,,,,,,,,,,,,,,,,,,,,,,,,,,,,,,,
10/11/20 12:26,10/11/20 12:28,,,89,102,FALSE,10/14/20 12:28,R_1pJyOWSg2hXZSit,,,,,,,anonymous,EN,,,,,,,,,,6.095,6.095,11.823,1,Extremely likely,None of the above,,"Subject,Email Address,Email Body,Company Name,Salary,Structure",,,,,,,,,,,1.319,1.319,7.288,1,Extremely likely,None of the above,,"Subject,Email Body,Salary,Structure",,,,,,,,,,,0,0,11.256,0,Somewhat likely,"Email Body,Structure",,,,0,0,1.33,0,Extremely likely,None of the above,,"Subject,Email Body",,,,,,,,,,,,,,,,,,,,10.31,10.31,12.11,1,Somewhat unlikely,"Subject,Email Body",,Email Address,,,,,,
10/11/20 12:26,10/11/20 12:27,,,63,99,FALSE,10/14/20 12:28,R_1H8Bx2ZRT7RJ73G,,,,,,,anonymous,EN,,,,,,,,,,,,,,,,,,,,,,,,,,,,,,,,,,,,,0,0,15.112,0,Extremely likely,Email Body,,Email Body,,,,,,,,,,,0,0,15.109,0,Extremely likely,None of the above,,,,,,,,,,,,,,,,,,,,,,,,,,,,,,,,,,,
10/11/20 12:26,10/11/20 12:27,,,61,101,FALSE,10/14/20 12:28,R_9zVkdIZxjlY0YWl,,,,,,,anonymous,EN,,,,,,,,,,0,0,15.015,0,Extremely likely,"Subject,Email Body,Structure",,"Subject,Email Body,Structure",,,,,,,,,,,0.927,0.927,15.011,1,Neither likely nor unlikely,,,,,,,,,,,,,,,,,,,,,,,,,,,,,,,,,,,,,,,,,,,,,,,,,,,,,,,,,,,,,,,
10/11/20 12:27,10/11/20 12:29,,,54,100,FALSE,10/14/20 12:29,R_2wSOsIThqhxFlkp,,,,,,,anonymous,EN,,,,,,,,,,,,,,,,,,,,,,,,,,,,,,,,,,,,,,,,,,,,,,,,,,,,,,,0,0,15.122,0,Extremely likely,"Email Body,Company Name,Structure,Other","No body text, with a file attachment seems suspect. Also, not CCing the people emailed doesn't seem professional.",,,,,,,,,,,,,,,,,,,,,,,,,,,,,,,,,,
10/11/20 12:27,10/11/20 12:29,,,71,105,FALSE,10/14/20 12:29,R_12b7gpLyAlEDBfn,,,,,,,anonymous,EN,,,,,,,,,,,,,,,,,,,0,0,15.109,0,Neither likely nor unlikely,Email Address,,Subject,,,,,,,,,,,,,,,,,,,,0,0,12.283,0,Extremely likely,"Subject,Salary",,,,,,,,,,,,,0,0,15.007,0,Somewhat likely,None of the above,,Salary,,,,,,,,,,,,,,,,,,,,,,,,
10/11/20 12:29,10/11/20 12:31,,,71,79,FALSE,10/14/20 12:31,R_2z8985V2ZCg4fOR,,,,,,,anonymous,EN,0,0,15.108,0,Somewhat likely,None of the above,,"Subject,Salary,Structure",,0,0,10.872,0,Extremely likely,"Email Address,Email Body,Salary",,,,,,,,,,,,,5.984,5.984,6.699,1,Extremely likely,None of the above,,"Subject,Salary",,,,,,,,,,,,,,,,,,,,,,,,,,,,,,,,,,,,,,,,,,,,,,,,,,,,,,,,,,,,
10/11/20 12:25,10/11/20 12:32,,,54,399,FALSE,10/14/20 12:32,R_3LZtx7bZrw2OgQA,,,,,,,anonymous,EN,,,,,,,,,,,,,,,,,,,,,,,,,,,,,,,,,,,,,,,,,,,,,,0,0,15.016,0,Extremely likely,Email Body,,,,,,,,,,,,,,,,,,,,,,,,,,,,,,,,,,,,,,,,,,,,
10/11/20 12:29,10/11/20 12:32,,,86,163,FALSE,10/14/20 12:32,R_SZeJXT4fQGpwm1b,,,,,,,anonymous,EN,,,,,,,,,,0,0,7.484,0,Extremely likely,Other,Email recipients,Subject,,,,,,,,,,,1.129,2.664,3.35,2,Extremely likely,Structure,,Salary,,,,,,,,,,,,,,,,,,,,0,0,6.957,0,Somewhat likely,Email Body,,Email Body,,,,,,,,,,,3.233,29.506,30.113,5,Somewhat unlikely,Subject,,"Email Address,None of the above",,0.933,3.7,15.112,2,,,,,,,,,,
10/11/20 12:32,10/11/20 12:32,,,46,2,FALSE,10/14/20 12:32,R_85HZlMKQu9RfIY1,,,,,,,anonymous,EN,,,,,,,,,,,,,,,,,,,,,,,,,,,,,,,,,,,,,,,,,,,,,,,,,,,,,,,,,,,,,,,,,,,,,,,,,,,,,,,,,,,,,,,,,,,,,,,
10/11/20 12:35,10/11/20 12:36,,,61,66,FALSE,10/14/20 12:36,R_VRaBu8G7GhMJtqV,,,,,,,anonymous,EN,,,,,,,,,,,,,,,,,,,,,,,,,,,,,,,,,,,,,0,0,15.012,0,Neither likely nor unlikely,,,,,3.22,3.313,9.623,2,Extremely likely,None of the above,,Email Address,,,,,,,,,,,,,,,,,,,,,,,,,,,,,,,,,,,,,,,,,,
10/11/20 12:39,10/11/20 12:39,,,52,43,FALSE,10/14/20 12:39,R_23eHB4zieLIVL9g,,,,,,,anonymous,EN,,,,,,,,,,0,0,15.112,0,Somewhat likely,,,,,,,,,,,,,,,,,,,,,,,,,,,,,,,,,,,,,,,,,,,,,,,,,,,,,,,,,,,,,,,,,,,,,,,,,,,,,,,,,
10/11/20 12:37,10/11/20 12:40,,,73,154,FALSE,10/14/20 12:40,R_3DdNknuIpE3QW4j,,,,,,,anonymous,EN,,,,,,,,,,,,,,,,,,,0,0,15.026,0,Somewhat likely,"Subject,Structure",,"Subject,Structure",,0,0,15.016,0,Somewhat likely,"Salary,Other",the hell does a heart surgeon from nepal need from random americans,Salary,,,,,,,,,,,,,,,,,,,,0,0,6.534,0,Extremely unlikely,Other,it's just a text file,None of the above,,,,,,,,,,,,,,,,,,,,,,,,,,,,,,,,,
10/11/20 12:45,10/11/20 12:45,,,52,24,FALSE,10/14/20 12:45,R_3kvN6ym0ncTUumo,,,,,,,anonymous,EN,,,,,,,,,,,,,,,,,,,,,,,,,,,,,,,,,,,,,,,,,,,,,,7.357,7.357,8.275,1,Extremely likely,,,,,,,,,,,,,,,,,,,,,,,,,,,,,,,,,,,,,,,,,,,,,
10/11/20 12:57,10/11/20 12:57,,,46,15,FALSE,10/14/20 12:57,R_2SoYzRC8zXglYmP,,,,,,,anonymous,EN,,,,,,,,,,,,,,,,,,,,,,,,,,,,,,,,,,,,,,,,,,,,,,,,,,,,,,,,,,,,,,,,,,,,,,,,,,,,,,,,,,,,,,,,,,,,,,,
10/11/20 13:04,10/11/20 13:05,,,50,4,FALSE,10/14/20 13:05,R_1IhE3IzhNNVF9pl,,,,,,,anonymous,EN,,,,,,,,,,,,,,,,,,,,,,,,,,,,,,,,,,,,,0,0,1.606,0,,,,,,,,,,,,,,,,,,,,,,,,,,,,,,,,,,,,,,,,,,,,,,,,,,,,,,,
10/11/20 13:02,10/11/20 13:06,,,80,258,FALSE,10/14/20 13:07,R_3gNngyLjAhAHdyI,,,,,,,anonymous,EN,,,,,,,,,,,,,,,,,,,0,0,7.415,0,Neither likely nor unlikely,None of the above,,,,0,0,7.308,0,Extremely likely,None of the above,,"Subject,Email Address,Email Body,Company Name,Salary,Other",Message itself,,,,,,,,,,0,0,12.13,0,Somewhat likely,"Email Body,Structure",,"Subject,Email Body",,,,,,,,,,,,,,,,,,,,10.066,11,17.241,2,Somewhat unlikely,"Email Address,Email Body,Company Name",,Email Body,,,,,,,,,,,,,,,
10/11/20 13:08,10/11/20 13:09,,,64,111,FALSE,10/14/20 13:09,R_29ptqmNqJvECxwh,,,,,,,anonymous,EN,,,,,,,,,,0,0,5.219,0,Extremely likely,None of the above,,"Subject,Email Address,Email Body",,,,,,,,,,,,,,,,,,,,,,,,,,,,,,,,,,,,,,,,,,,,,,,,,,,,,,,,,,,,,,,,,5.262,5.262,9.364,1,Extremely unlikely,"Email Address,Email Body,Other",Email signature,None of the above,,,,,,
10/11/20 13:17,10/11/20 13:17,,,50,13,FALSE,10/14/20 13:17,R_2c0p7hbVZ9sHzQs,,,,,,,anonymous,EN,,,,,,,,,,,,,,,,,,,,,,,,,,,,,,,,,,,,,,,,,,,,,,,,,,,,,,,0,0,3.78,0,,,,,,,,,,,,,,,,,,,,,,,,,,,,,,,,,,,,,
10/11/20 13:16,10/11/20 13:19,,,70,138,FALSE,10/14/20 13:19,R_2wAF00jjL7HHRx0,,,,,,,anonymous,EN,,,,,,,,,,0,0,15.006,0,Extremely likely,"Subject,Email Address,Email Body,Structure",,Email Body,,0,0,15.112,0,Extremely likely,"Email Body,Salary,Other",asking for separate contact method,Email Body,,,,,,,,,,,,,,,,,,,,,,,,,,,,,,,,,,,,,,,,,,,,,,,,,,,,,,,,0,0,15.007,0,Neither likely nor unlikely,,,,,,,,,
10/11/20 13:33,10/11/20 13:34,,,54,81,FALSE,10/14/20 13:34,R_3P64jiPxjNPFtVD,,,,,,,anonymous,EN,,,,,,,,,,0,0,15.154,0,Somewhat likely,"Email Body,Structure",,,,,,,,,,,,,,,,,,,,,,,,,,,,,,,,,,,,,,,,,,,,,,,,,,,,,,,,,,,,,,,,,,,,,,,,,,,,,,,,
10/11/20 13:34,10/11/20 13:35,,,52,28,FALSE,10/14/20 13:35,R_1ImzIFBgBRN4MVO,,,,,,,anonymous,EN,,,,,,,,,,,,,,,,,,,,,,,,,,,,,,,,,,,,,,,,,,,,,,0,0,15.124,0,Somewhat likely,,,,,,,,,,,,,,,,,,,,,,,,,,,,,,,,,,,,,,,,,,,,,
10/11/20 13:35,10/11/20 13:35,,,52,39,FALSE,10/14/20 13:36,R_3GdLcYwoXJlPhJR,,,,,,,anonymous,EN,,,,,,,,,,0,0,10.162,0,Neither likely nor unlikely,,,,,,,,,,,,,,,,,,,,,,,,,,,,,,,,,,,,,,,,,,,,,,,,,,,,,,,,,,,,,,,,,,,,,,,,,,,,,,,,,
10/11/20 13:33,10/11/20 13:36,,,89,154,FALSE,10/14/20 13:36,R_Uc48TyYlYXKwddn,,,,,,,anonymous,EN,,,,,,,,,,,,,,,,,,,,,,,,,,,,0,0,6.933,0,Extremely likely,"Subject,Email Address,Email Body,Structure",,,,0,0,4.067,0,Extremely unlikely,"Subject,Email Address,Email Body,Company Name",,None of the above,,0,0,15.115,0,Neither likely nor unlikely,"Subject,Email Body",,"Email Address,Email Body,Structure",,0,0,5.027,0,Extremely likely,"Subject,Email Address,Email Body,Structure",,"Subject,Email Address,Email Body,Structure",,,,,,,,,,,1.599,4.24,17.978,4,Extremely unlikely,"Subject,Email Body,Structure",,Email Address,,,,,,,,,,,,,,,
10/11/20 13:34,10/11/20 13:37,,,89,172,FALSE,10/14/20 13:37,R_3HpJzXgZCpiCYNt,,,,,,,anonymous,EN,,,,,,,,,,3.291,8.223,11.566,3,Extremely likely,"Email Address,Email Body,Structure",,"Email Address,Email Body,Structure",,0,0,12.442,0,Somewhat likely,"Email Body,Salary,Structure",,"Email Body,Salary,Structure",,2.493,8.561,9.634,5,Somewhat likely,"Email Body,Salary,Structure",,"Email Body,Salary,Structure",,5.186,7.3,15.011,3,Neither likely nor unlikely,"Subject,Email Body,Company Name,Salary",,,,,,,,,,,,,,,,,,,,,,1.476,5.645,7.965,2,Extremely likely,"Subject,Email Address,Email Body,Company Name,Salary,Structure",,"Subject,Email Address,Email Body,Company Name,Salary,Structure",,,,,,,,,,,,,,,,,,,,,,,,
10/11/20 13:40,10/11/20 13:40,,,52,16,FALSE,10/14/20 13:40,R_RlX0xVDt9MViolX,,,,,,,anonymous,EN,,,,,,,,,,,,,,,,,,,0,0,7.887,0,Extremely likely,,,,,,,,,,,,,,,,,,,,,,,,,,,,,,,,,,,,,,,,,,,,,,,,,,,,,,,,,,,,,,,,,,,,,,,,
10/11/20 13:40,10/11/20 13:41,,,54,28,FALSE,10/14/20 13:41,R_2cBO292HkrT7AKa,,,,,,,anonymous,EN,,,,,,,,,,0,0,15.041,0,Extremely likely,"Subject,Email Address,Email Body,Salary,Structure",,,,,,,,,,,,,,,,,,,,,,,,,,,,,,,,,,,,,,,,,,,,,,,,,,,,,,,,,,,,,,,,,,,,,,,,,,,,,,,,
10/11/20 14:08,10/11/20 14:10,,,71,158,FALSE,10/14/20 14:11,R_26eUpzuhiSr59uE,,,,,,,anonymous,EN,,,,,,,,,,1.541,14.607,15.011,10,Somewhat unlikely,Subject,,,,,,,,,,,,,,,,,,,,,,,,,,,,,,,3.182,12.719,15.018,8,Extremely likely,Salary,,Other,Random emails are always kinda sketchy ,,,,,,,,,,,,,,,,,,,,,,,,,,,,1.188,13.18,15.014,10,Neither likely nor unlikely,Subject,,None of the above,,,,,,
10/11/20 14:13,10/11/20 14:13,,,46,2,FALSE,10/14/20 14:14,R_12ukYEzGJdlYVxs,,,,,,,anonymous,EN,,,,,,,,,,,,,,,,,,,,,,,,,,,,,,,,,,,,,,,,,,,,,,,,,,,,,,,,,,,,,,,,,,,,,,,,,,,,,,,,,,,,,,,,,,,,,,,
10/11/20 14:34,10/11/20 14:35,,,54,43,FALSE,10/14/20 14:35,R_2QzjHcRFTajQUvb,,,,,,,anonymous,EN,,,,,,,,,,,,,,,,,,,,,,,,,,,,,,,,,,,,,,,,,,,,,,,,,,,,,,,,,,,,,,,,,,,,,,,,,2.286,2.286,14.015,1,Neither likely nor unlikely,Email Body,,,,,,,,,,,,,,,,,
10/11/20 14:34,10/11/20 14:35,,,61,76,FALSE,10/14/20 14:36,R_1FeuIGiSCuA2Ibe,,,,,,,anonymous,EN,,,,,,,,,,,,,,,,,,,,,,,,,,,,,,,,,,,,,,,,,,,,,,3.216,4.869,15.017,4,Somewhat likely,"Email Body,Salary,Structure",,"Email Body,Salary,Structure",,8.16,8.16,9.368,1,Extremely likely,,,,,,,,,,,,,,,,,,,,,,,,,,,,,,,,,,,,
10/11/20 14:35,10/11/20 14:44,,,54,558,FALSE,10/14/20 14:44,R_xg48v9JvfSpctyh,,,,,,,anonymous,EN,,,,,,,,,,,,,,,,,,,,,,,,,,,,,,,,,,,,,,,,,,,,,,,,,,,,,,,0,0,4.818,0,Extremely likely,"Subject,Email Body",,,,,,,,,,,,,,,,,,,,,,,,,,,,,,,,,,,
10/11/20 14:44,10/11/20 14:45,,,50,31,FALSE,10/14/20 14:45,R_UgypjJTkODK8Tq9,,,,,,,anonymous,EN,,,,,,,,,,,,,,,,,,,,,,,,,,,,,,,,,,,,,,,,,,,,,,,,,,,,,,,,,,,,,,,,,,,,,,,,,,,,,,,,,,0,0,15.137,0,,,,,,,,,,
10/11/20 14:45,10/11/20 14:47,,,71,154,FALSE,10/14/20 14:48,R_0dCEYc9gto50fYt,,,,,,,anonymous,EN,0,0,15.013,0,Extremely likely,"Email Address,Email Body,Salary",,,,,,,,,,,,,0,0,15.03,0,Somewhat unlikely,Email Address,,Email Body,,,,,,,,,,,,,,,,,,,,,,,,,,,,,,,,,,,,,,0,0,15.021,0,Somewhat likely,None of the above,,Email Body,,,,,,,,,,,,,,,,,,,,,,,,
10/11/20 14:52,10/11/20 14:52,,,55,50,FALSE,10/14/20 14:53,R_2CeJ0NPEgMbDBq8,,,,,,,anonymous,EN,,,,,,,,,,,,,,,,,,,,,,,,,,,,,,,,,,,,,,,,,,,,,,0,0,8.574,0,Extremely likely,"Email Body,Structure",,"Subject,Email Address,Email Body",,,,,,,,,,,,,,,,,,,,,,,,,,,,,,,,,,,,,,,,,,
10/11/20 15:33,10/11/20 15:35,,,68,115,FALSE,10/14/20 15:36,R_1kTwM4SlqGDQ3wK,,,,,,,anonymous,EN,,,,,,,,,,,,,,,,,,,0,0,4.208,0,Extremely likely,"Subject,Salary,Structure",,"Subject,Salary,Structure",,,,,,,,,,,,,,,,,,,,,,,,,,,,,,,,,,,,,,0,0,15.018,0,Somewhat likely,"Email Body,Company Name,Structure",,"Email Body,Company Name,Structure",,2.22,11.64,12.9,4,,,,,,,,,,,,,,,,,,,
10/11/20 15:35,10/11/20 15:37,,,70,93,FALSE,10/14/20 15:37,R_3R4u1T08NZAy6qR,,,,,,,anonymous,EN,1.001,14.257,15.115,2,Somewhat likely,"Email Body,Company Name,Salary",,"Email Body,Company Name,Salary",,,,,,,,,,,,,,,,,,,,1.023,1.843,10.715,2,Extremely likely,,,,,0,0,11.189,0,Extremely likely,"Subject,Email Body,Company Name,Structure",,"Subject,Email Address,Salary,Structure",,,,,,,,,,,,,,,,,,,,,,,,,,,,,,,,,,,,,,,,,,,,,,,,,,,
10/11/20 15:41,10/11/20 15:42,,,50,26,FALSE,10/14/20 15:42,R_a4xRLCmRn625lHX,,,,,,,anonymous,EN,,,,,,,,,,0,0,15.112,0,,,,,,,,,,,,,,,,,,,,,,,,,,,,,,,,,,,,,,,,,,,,,,,,,,,,,,,,,,,,,,,,,,,,,,,,,,,,,,,,,,
10/11/20 15:41,10/11/20 15:43,,,77,116,FALSE,10/14/20 15:44,R_a4allfg8xa7qRJn,,,,,,,anonymous,EN,,,,,,,,,,,,,,,,,,,,,,,,,,,,,,,,,,,,,,,,,,,,,,,,,,,,,,,0,0,5.709,0,Extremely unlikely,Subject,,None of the above,,3.564,13.963,15.114,4,Somewhat unlikely,Structure,,Email Address,,1.32,1.32,2.817,1,,,,,,2.184,3.602,5.049,3,Neither likely nor unlikely,None of the above,,Company Name,,,,,,
10/11/20 16:17,10/11/20 16:17,,,54,40,FALSE,10/14/20 16:18,R_1fgcOiCwtFOY325,,,,,,,anonymous,EN,,,,,,,,,,,,,,,,,,,,,,,,,,,,,,,,,,,,,,,,,,,,,,,,,,,,,,,,,,,,,,,,0,0,7.849,0,Somewhat likely,"Email Address,Email Body,Company Name",,,,,,,,,,,,,,,,,,,,,,,,,,
10/11/20 16:20,10/11/20 16:21,,,54,107,FALSE,10/14/20 16:22,R_sYbBKNxNGflewsF,,,,,,,anonymous,EN,,,,,,,,,,,,,,,,,,,0,0,15.021,0,Somewhat likely,"Email Body,Salary,Structure,Other",The text me your full name part,,,,,,,,,,,,,,,,,,,,,,,,,,,,,,,,,,,,,,,,,,,,,,,,,,,,,,,,,,,,,,,,,,,,,,
10/11/20 16:18,10/11/20 16:22,,,77,224,FALSE,10/14/20 16:22,R_338avyqh3NbrxZe,,,,,,,anonymous,EN,0,0,15.108,0,,,,,,,,,,,,,,,,,,,,,,,,,,,,,,,,,,,,,,,,,,0,0,15.008,0,Somewhat likely,Email Body,,Structure,,0,0,15.01,0,Extremely likely,Subject,,Subject,,0,0,15.008,0,Somewhat likely,Subject,,Subject,,,,,,,,,,,,,,,,,,,,,,,,
10/11/20 16:21,10/11/20 16:28,,,91,375,FALSE,10/14/20 16:28,R_9Es8ThYXO5qPK5r,,,,,,,anonymous,EN,1.567,3.495,15.032,2,Neither likely nor unlikely,"Email Address,Other",They had a LinkedIn ,"Email Body,Company Name,Salary,Structure",,,,,,,,,,,0,0,12.796,0,Extremely likely,Email Address,,"Email Body,Company Name,Salary,Structure,Other",The text me your full name part,0.994,0.994,15.125,1,Extremely likely,"Email Body,Company Name,Salary,Structure,Other","""To do tasks"" part","None of the above,Other","Oops I did untrustworthy first- this one will be ""what made you think it was trustworthy""",,,,,,,,,,,,,,,,,,,,,,,,,,,,0,0,15.045,0,Extremely likely,None of the above,,"Email Body,Salary,Structure,Other",We got your email from your school & please email us your information ,1.2,1.2,30.02,1,Neither likely nor unlikely,"Email Address,Email Body,Company Name,Structure",,Other,"It said to email someone on gmail not ""apply here at this link"" or something",,,,,,,,,,,,,,
10/11/20 16:56,10/11/20 17:00,,,80,229,FALSE,10/14/20 17:00,R_3syMHQXltstoYf2,,,,,,,anonymous,EN,1.192,13.957,15.024,4,Somewhat likely,"Subject,Email Body,Company Name",,,,,,,,,,,,,,,,,,,,,,8.771,8.771,15.051,1,Extremely likely,"Subject,Email Body,Structure",,"Subject,Email Body,Structure",,,,,,,,,,,3.093,3.093,15.036,1,Extremely likely,"Subject,Salary",,"Subject,Salary",,,,,,,,,,,,,,,,,,,,5.4,25.237,30.129,7,Extremely unlikely,"Subject,Email Body,Company Name",,None of the above,,,,,,,,,,,,,,,
10/11/20 17:11,10/11/20 17:13,,,61,76,FALSE,10/14/20 17:13,R_24I9UGvR7OXe3rD,,,,,,,anonymous,EN,,,,,,,,,,0,0,9.964,0,Extremely unlikely,,,,,,,,,,,,,,,,,,,,,,,,,,,,,,,,,,,,,,,,,3.17,7.088,8.136,6,Somewhat unlikely,"Subject,Email Address,Email Body",,Structure,,,,,,,,,,,,,,,,,,,,,,,,,,,,,,,,,
10/11/20 12:36,10/11/20 17:19,,,50,16956,FALSE,10/14/20 17:19,R_1Q3NYCQiG3Xzmul,,,,,,,anonymous,EN,,,,,,,,,,,,,,,,,,,,,,,,,,,,,,,,,,,,,2.747,13.697,15.149,14,,,,,,,,,,,,,,,,,,,,,,,,,,,,,,,,,,,,,,,,,,,,,,,,,,,,,,,
10/11/20 18:12,10/11/20 18:15,,,54,194,FALSE,10/14/20 18:16,R_3PFZnFwxF2AmbcI,,,,,,,anonymous,EN,,,,,,,,,,0,0,15.017,0,Somewhat likely,Email Address,,,,,,,,,,,,,,,,,,,,,,,,,,,,,,,,,,,,,,,,,,,,,,,,,,,,,,,,,,,,,,,,,,,,,,,,,,,,,,,,
10/11/20 18:18,10/11/20 18:21,,,54,138,FALSE,10/14/20 18:21,R_10oxIc8vHh4qwBN,,,,,,,anonymous,EN,,,,,,,,,,,,,,,,,,,,,,,,,,,,,,,,,,,,,,,,,,,,,,0,0,15.021,0,Extremely likely,Other,Requires no knowledge or skill,,,,,,,,,,,,,,,,,,,,,,,,,,,,,,,,,,,,,,,,,,,
10/11/20 18:21,10/11/20 18:22,,,54,41,FALSE,10/14/20 18:22,R_SZ4dV1t3aZS3K8x,,,,,,,anonymous,EN,1.246,4.339,15.119,2,Somewhat likely,Structure,,,,,,,,,,,,,,,,,,,,,,,,,,,,,,,,,,,,,,,,,,,,,,,,,,,,,,,,,,,,,,,,,,,,,,,,,,,,,,,,,,,,,,,,,
10/11/20 18:23,10/11/20 18:23,,,50,21,FALSE,10/14/20 18:23,R_RgY3yU55KJlhDfb,,,,,,,anonymous,EN,,,,,,,,,,,,,,,,,,,,,,,,,,,,,,,,,,,,,,,,,,,,,,0.582,0.582,3.241,1,,,,,,,,,,,,,,,,,,,,,,,,,,,,,,,,,,,,,,,,,,,,,,
10/11/20 18:55,10/11/20 18:56,,,68,68,FALSE,10/14/20 18:56,R_voeW3bjnwFy36Nj,,,,,,,anonymous,EN,,,,,,,,,,,,,,,,,,,,,,,,,,,,,,,,,,,,,,,,,,,,,,1.844,1.844,3.785,1,Neither likely nor unlikely,Company Name,,None of the above,,,,,,,,,,,0,0,1.227,0,Neither likely nor unlikely,"Email Body,Company Name",,None of the above,,,,,,,,,,,0.937,0.937,2.011,1,,,,,,,,,,
10/11/20 18:59,10/11/20 18:59,,,50,26,FALSE,10/14/20 18:59,R_3nASNsCAeY2OSe0,,,,,,,anonymous,EN,,,,,,,,,,,,,,,,,,,,,,,,,,,,,,,,,,,,,0,0,14.556,0,,,,,,,,,,,,,,,,,,,,,,,,,,,,,,,,,,,,,,,,,,,,,,,,,,,,,,,
10/11/20 18:59,10/11/20 19:00,,,52,38,FALSE,10/14/20 19:00,R_w80TkuTNjAh54rL,,,,,,,anonymous,EN,,,,,,,,,,,,,,,,,,,,,,,,,,,,0,0,15.137,0,Somewhat likely,,,,,,,,,,,,,,,,,,,,,,,,,,,,,,,,,,,,,,,,,,,,,,,,,,,,,,,,,,,,,,,
10/14/20 19:49,10/14/20 19:52,,,100,194,TRUE,10/14/20 19:52,R_3Oo8wMsAXSpQotH,,,,,33.03259277,-96.7858963,anonymous,EN,,,,,,,,,,,,,,,,,,,0,0,15.11,0,Somewhat likely,Email Address,,Email Body,,0,0,15.009,0,Extremely likely,None of the above,,Email Body,,0,0,7.788,0,Extremely likely,None of the above,,Email Address,,,,,,,,,,,,,,,,,,,,,,,,,,,,,4.965,4.965,30.107,1,Somewhat unlikely,Email Address,,Email Body,,0,0,15.021,0,Somewhat unlikely,Email Address,,Company Name,,Sophomore,Female,Moderately familiar,,
10/11/20 19:52,10/11/20 19:53,,,46,11,FALSE,10/14/20 19:53,R_3mjDlN9MaHQtEzW,,,,,,,anonymous,EN,,,,,,,,,,,,,,,,,,,,,,,,,,,,,,,,,,,,,,,,,,,,,,,,,,,,,,,,,,,,,,,,,,,,,,,,,,,,,,,,,,,,,,,,,,,,,,,
10/11/20 19:50,10/11/20 19:52,,,61,116,FALSE,10/14/20 19:53,R_1LuJKlIoRHPy7K8,,,,,,,anonymous,EN,,,,,,,,,,0,0,15.107,0,Extremely likely,,,,,,,,,,,,,,,,,,,,,,,,,,,,,,,,,,,,,,,,,,,,,,,,,,0,0,15.008,0,Somewhat likely,"Email Address,Email Body,Structure",,"Email Address,Email Body,Structure",,,,,,,,,,,,,,,,,,,,,,,,
10/11/20 19:53,10/11/20 19:54,,,55,51,FALSE,10/14/20 19:54,R_3Pq7QqG0S36IHTx,,,,,,,anonymous,EN,,,,,,,,,,,,,,,,,,,,,,,,,,,,,,,,,,,,,,,,,,,,,,,,,,,,,,,,,,,,,,,,,,,,,,,,,,,,,,,,,,0,0,15.013,0,Somewhat unlikely,Email Body,,"Email Address,Email Body",,,,,,
10/11/20 19:56,10/11/20 19:57,,,52,60,FALSE,10/14/20 19:58,R_2wsQo1RzWMGMsSn,,,,,,,anonymous,EN,,,,,,,,,,,,,,,,,,,,,,,,,,,,0,0,14.68,0,Extremely likely,,,,,,,,,,,,,,,,,,,,,,,,,,,,,,,,,,,,,,,,,,,,,,,,,,,,,,,,,,,,,,,
10/11/20 20:04,10/11/20 20:09,,,86,263,FALSE,10/14/20 20:09,R_qFc3ZZzZiyhjTKV,,,,,,,anonymous,EN,,,,,,,,,,,,,,,,,,,0,0,15.015,0,Somewhat likely,"Structure,Other",Contact info,"Company Name,Salary",,4.758,9.488,15.114,2,,,,,,,,,,,,,,,0,0,15.01,0,Somewhat likely,None of the above,,"Subject,Email Address,Email Body,Company Name,Salary",,,,,,,,,,,0,0,15.011,0,Somewhat unlikely,"Subject,Email Body,Company Name",,Email Address,,2.732,17.465,26.434,2,Extremely unlikely,"Email Address,Email Body,Company Name,Structure",,None of the above,,,,,,,,,,,,,,,
10/11/20 20:09,10/11/20 20:09,,,46,2,FALSE,10/14/20 20:10,R_2PnXXBweeN8kPqx,,,,,,,anonymous,EN,,,,,,,,,,,,,,,,,,,,,,,,,,,,,,,,,,,,,,,,,,,,,,,,,,,,,,,,,,,,,,,,,,,,,,,,,,,,,,,,,,,,,,,,,,,,,,,
10/11/20 20:30,10/11/20 20:32,,,63,93,FALSE,10/14/20 20:32,R_4I8bjPP9RnSTWkF,,,,,,,anonymous,EN,,,,,,,,,,,,,,,,,,,,,,,,,,,,0,0,13.229,0,Somewhat likely,"Company Name,Salary,Structure",,"Subject,Email Address,Email Body",,,,,,,,,,,,,,,,,,,,0,0,6.761,0,Extremely likely,"Subject,Email Body,Structure",,,,,,,,,,,,,,,,,,,,,,,,,,,,,,,,,,,
10/11/20 22:43,10/11/20 22:43,,,46,3,FALSE,10/14/20 22:44,R_3RwHqNMyapXzN0V,,,,,,,anonymous,EN,,,,,,,,,,,,,,,,,,,,,,,,,,,,,,,,,,,,,,,,,,,,,,,,,,,,,,,,,,,,,,,,,,,,,,,,,,,,,,,,,,,,,,,,,,,,,,,
10/15/20 9:55,10/15/20 10:01,,,100,338,TRUE,10/15/20 10:01,R_1puKHwAQ8IgcOBM,,,,,33.03259277,-96.7858963,anonymous,EN,,,,,,,,,,0,0,15.007,0,Somewhat likely,Structure,,"Email Address,Email Body,Other",I found that some scam emails target students with last names in a specific interval,,,,,,,,,,0,0,5.1,0,Extremely likely,"Subject,Salary,Structure",,"Subject,Email Body,Salary,Structure,Other","What I found ""suspicious,"" I entered as ""trustworthy"" in the previous tab",0,0,15.011,0,Neither likely nor unlikely,Structure,,"Email Address,Email Body,Salary,Other",No credentials to validate,0,0,9.519,0,Extremely likely,None of the above,,"Email Address,Email Body,Salary,Other",Asks for personal information in an email,0,0,13.09,0,Somewhat unlikely,Email Address,,"Subject,Email Body,Other",PDF with no info,,,,,,,,,,,,,,,,,,,,,,,,,,,,Freshman,Male,Moderately familiar,,
10/12/20 10:15,10/12/20 10:15,,,55,48,FALSE,10/15/20 10:16,R_tKGhUROuyAYXEkh,,,,,,,anonymous,EN,,,,,,,,,,,,,,,,,,,8.213,8.213,9.394,1,Extremely likely,"Email Address,Email Body,Structure",,"Subject,Email Address,Email Body,Structure",,,,,,,,,,,,,,,,,,,,,,,,,,,,,,,,,,,,,,,,,,,,,,,,,,,,,,,,,,,,,,,,,,,,,
10/12/20 20:48,10/12/20 20:49,,,64,72,FALSE,10/15/20 20:50,R_XMKInZH3BxCbcDD,,,,,,,anonymous,EN,,,,,,,,,,,,,,,,,,,,,,,,,,,,,,,,,,,,,,,,,,,,,,,,,,,,,,,,,,,,,,,,12.665,14.33,15.006,3,Somewhat unlikely,"Subject,None of the above",,"Company Name,Salary,Structure",,0,0,13.799,0,Extremely unlikely,"Subject,Email Body,Company Name",,None of the above,,,,,,,,,,,,,,,
10/13/20 10:41,10/13/20 10:42,,,52,76,FALSE,10/16/20 10:42,R_2E0l4KF6L2HsvgM,,,,,,,anonymous,EN,,,,,,,,,,,,,,,,,,,,,,,,,,,,,,,,,,,,,,,,,,,,,,0,0,8.806,0,Extremely likely,,,,,,,,,,,,,,,,,,,,,,,,,,,,,,,,,,,,,,,,,,,,,
10/13/20 14:40,10/13/20 14:41,,,50,52,FALSE,10/16/20 14:41,R_XHYFwLRN9A6L0lP,,,,,,,anonymous,EN,,,,,,,,,,0,0,15.108,0,,,,,,,,,,,,,,,,,,,,,,,,,,,,,,,,,,,,,,,,,,,,,,,,,,,,,,,,,,,,,,,,,,,,,,,,,,,,,,,,,,
10/13/20 14:41,10/13/20 14:43,,,70,121,FALSE,10/16/20 14:43,R_2U6qWzjPpRITQ79,,,,,,,anonymous,EN,,,,,,,,,,0,0,15.007,0,Somewhat likely,Email Address,,Email Address,,0,0,15.106,0,Somewhat likely,,,,,,,,,,,,,,,,,,,,,,,,,,,,,,,,,,,,,,,,,0,0,15.008,0,Extremely likely,"Email Address,Email Body,Structure",,"Email Address,Email Body,Structure",,,,,,,,,,,,,,,,,,,,,,,,
10/13/20 17:16,10/13/20 17:18,,,54,119,FALSE,10/16/20 17:18,R_3ltzc67gtnFIbBq,,,,,,,anonymous,EN,,,,,,,,,,,,,,,,,,,,,,,,,,,,,,,,,,,,,,,,,,,,,,0,0,15.106,0,Extremely likely,"Subject,Email Address,Email Body,Company Name,Salary,Structure",,,,,,,,,,,,,,,,,,,,,,,,,,,,,,,,,,,,,,,,,,,,
10/16/20 18:23,10/16/20 18:26,,,100,182,TRUE,10/16/20 18:26,R_3KmmTMagh3zscp3,,,,,33.1493988,-96.82800293,anonymous,EN,,,,,,,,,,0,0,15.13,0,Somewhat likely,"Email Body,Company Name",,"Subject,Email Address,Email Body,Structure",,0,0,7.089,0,Somewhat likely,Email Body,,Structure,,,,,,,,,,,0,0,7.299,0,Extremely likely,None of the above,,"Email Address,Email Body,Salary",,0,0,14.941,0,Somewhat likely,Email Body,,"Subject,Email Address",,,,,,,,,,,,,,,,,,,,17.599,17.599,17.946,1,Somewhat unlikely,Email Body,,Company Name,,,,,,,,,,,Freshman,Male,Slightly familiar,,
10/17/20 11:37,10/17/20 11:42,,,100,265,TRUE,10/17/20 11:42,R_3PKTEQPDVeD6jQ2,,,,,33.19760132,-96.61779785,anonymous,EN,0,0,15.11,0,Somewhat likely,Subject,,"Email Body,Salary,Structure",,,,,,,,,,,,,,,,,,,,0,0,15.111,0,Extremely likely,None of the above,,"Subject,Email Address,Email Body,Company Name,Structure",,,,,,,,,,,,,,,,,,,,0,0,15.119,0,Somewhat likely,Email Address,,"Email Body,Structure",,0,0,15.016,0,Extremely likely,"Email Address,Email Body,Structure",,"Subject,Email Body,Salary,Structure",,,,,,,,,,,0,0,15.111,0,Extremely likely,"Subject,Email Address",,"Email Body,Company Name,Structure",,Freshman,Female,Slightly familiar,,
10/14/20 18:00,10/14/20 18:00,,,50,12,FALSE,10/17/20 18:00,R_39T7N7ZPofIU773,,,,,,,anonymous,EN,,,,,,,,,,,,,,,,,,,,,,,,,,,,,,,,,,,,,,,,,,,,,,,,,,,,,,,,,,,,,,,,,,,,,,,,,,,,,,,,,,1.517,1.517,8.739,1,,,,,,,,,,
10/14/20 18:00,10/14/20 18:00,,,54,25,FALSE,10/17/20 18:01,R_2wGKIkZQJdEKjJj,,,,,,,anonymous,EN,,,,,,,,,,,,,,,,,,,,,,,,,,,,1.111,1.111,5.807,1,Extremely likely,"Subject,Email Body,Company Name",,,,,,,,,,,,,,,,,,,,,,,,,,,,,,,,,,,,,,,,,,,,,,,,,,,,,,,,,,,,,,
10/14/20 18:00,10/14/20 18:02,,,63,69,FALSE,10/17/20 18:02,R_vc8pMrLqpeQqyoF,,,,,,,anonymous,EN,0.618,1.031,15.021,2,Extremely likely,"Subject,Email Body,Company Name,Salary,Structure",,Email Body,,,,,,,,,,,,,,,,,,,,,,,,,,,,,0,0,14.177,0,Somewhat likely,"Email Address,Structure",,,,,,,,,,,,,,,,,,,,,,,,,,,,,,,,,,,,,,,,,,,,,,,,,,,,,
10/14/20 18:02,10/14/20 18:04,,,80,126,FALSE,10/17/20 18:04,R_1gOaUNdiUOS678G,,,,,,,anonymous,EN,,,,,,,,,,,,,,,,,,,0,0,15.119,0,Somewhat likely,Email Address,,"Subject,Email Body,Salary,Structure",,9.095,9.095,12.552,1,Extremely likely,"Subject,Email Address,Email Body,Company Name,Salary,Structure",,,,,,,,,,,,,0,0,15.013,0,Neither likely nor unlikely,"Subject,Email Address,Email Body",,Email Body,,,,,,,,,,,0,0,12.321,0,Somewhat likely,"Subject,Company Name",,"Email Address,Email Body,Structure",,,,,,,,,,,,,,,,,,,,,,,,
10/15/20 9:54,10/15/20 9:55,,,52,40,FALSE,10/18/20 9:55,R_2zAUiKXRJZhDFuS,,,,,,,anonymous,EN,,,,,,,,,,0,0,15.112,0,Somewhat likely,,,,,,,,,,,,,,,,,,,,,,,,,,,,,,,,,,,,,,,,,,,,,,,,,,,,,,,,,,,,,,,,,,,,,,,,,,,,,,,,,
10/16/20 18:22,10/16/20 18:23,,,50,27,FALSE,10/19/20 18:23,R_2o4AXc44dYzrjNL,,,,,,,anonymous,EN,,,,,,,,,,,,,,,,,,,,,,,,,,,,,,,,,,,,,,,,,,,,,,,,,,,,,,,,,,,,,,,,,,,,,,,,,,,,,,,,,,0,0,14.887,0,,,,,,,,,,